"","Sample","Tissue","Thickness","ID","Symbiont.Intensity","Tissue.Intensity","Plug","Spat","Polyps","Cohort","Temperature","Nutrition","Treatment","Tank","Area","Red","Ratio","Green"
"1","A045a","Connecting",700.344444444444,"A045a Connecting",709.176666666667,972.376666666667,"A045","a",11,"201707609","Cool","Heterotrophy","CH","24",10.238,32.4501735182366,0.72932299897502,3.62551576060947
"2","A052a","Connecting",265.45375,"A052a Connecting",523.01,455.436666666667,"A052","a",2,"20170609","Ambient","No Heterotrophy","AN","22",1.779,24.7893090819308,1.14837042838009,1.61961765809114
"3","A052b","Connecting",205.244,"A052b Connecting",416.096666666667,355.633333333333,"A052","b",2,"20170609","Ambient","No Heterotrophy","AN","22",1.901,20.3897644815714,1.17001593401443,1.23234772935987
"4","A052c","Connecting",271.07,"A052c Connecting",416.473333333333,451.42,"A052","c",6,"20170609","Ambient","No Heterotrophy","AN","22",4.19,20.4052645295804,0.922585027985763,1.60403166349773
"5","A052d","Connecting",256.152857142857,"A052d Connecting",481.646666666667,461.41,"A052","d",4,"20170609","Ambient","No Heterotrophy","AN","22",3.837,23.0871843408365,1.04385831834305,1.64279616623336
"6","A052e","Connecting",275.22375,"A052e Connecting",662.953333333333,517.03,"A052","e",3,"20170609","Ambient","No Heterotrophy","AN","22",3.557,30.5480570072562,1.28223378398417,1.85862015443716
"7","A052f","Connecting",304.088333333333,"A052f Connecting",455.443333333333,375.793333333333,"A052","f",4,"20170609","Ambient","No Heterotrophy","AN","22",3.69,22.0089022399627,1.21195160460537,1.31057519433989
"8","A058a","Connecting",353.801666666667,"A058a Connecting",620.563333333333,525.586666666667,"A058","a",2,"20170609","Ambient","No Heterotrophy","AN","22",2.578,28.8036843476949,1.18070600471854,1.89182284997348
"9","A058b","Connecting",288.645,"A058b Connecting",548.4,399.54,"A058","b",7,"20170609","Ambient","No Heterotrophy","AN","22",6.942,25.8341220525904,1.37257846523502,1.40272011175352
"10","A058c","Connecting",190.25,"A058c Connecting",648.586666666667,363.573333333333,"A058","c",2,"20170609","Ambient","No Heterotrophy","AN","22",2.282,29.9568604858511,1.78392254657474,1.26315755435696
"11","A058d","Connecting",337.816666666667,"A058d Connecting",564.743333333333,476.233333333333,"A058","d",6,"20170609","Ambient","No Heterotrophy","AN","22",8.481,26.5066595339012,1.18585427311542,1.70031560022247
"12","A058e","Connecting",304.813333333333,"A058e Connecting",624.916666666667,483.146666666667,"A058","e",1,"20170609","Ambient","No Heterotrophy","AN","22",1.654,28.9828264954803,1.29343056628767,1.72714161913262
"13","A070a","Connecting",453.035555555556,"A070a Connecting",625.506666666667,446.226666666667,"A070","a",10,"20170609","Cool","No Heterotrophy","CN","20",10.552,29.0071053317422,1.4017689066842,1.58387981322675
"14","A083a","Connecting",474.461428571429,"A083a Connecting",618.863333333333,614.966666666667,"A083","a",4,"20170609","Ambient","Heterotrophy","AH","18",4.403,28.7337283788047,1.00633638679603,2.23864679937397
"15","A083b","Connecting",404.594285714286,"A083b Connecting",731.776666666667,705.166666666667,"A083","b",6,"20170609","Ambient","Heterotrophy","AH","18",6.219,33.3801763987765,1.03773575986764,2.58865261986988
"16","A083c","Connecting",460.964,"A083c Connecting",849.86,688.363333333333,"A083","c",3,"20170609","Ambient","Heterotrophy","AH","18",2.039,38.2393728653142,1.23460962960452,2.52345013128452
"17","A084a","Connecting",247.57,"A084a Connecting",595.973333333333,477.015333333333,"A084","a",3,"20170609","Ambient","Heterotrophy","AH","18",3.03,27.7917918329836,1.2493798242684,1.70335001875493
"18","A084b","Connecting",391.949,"A084b Connecting",637.93,565.01,"A084","b",4,"20170609","Ambient","Heterotrophy","AH","18",3.391,29.5183325789062,1.12905966266084,2.04479841682511
"19","A084c","Connecting",675.576,"A084c Connecting",651.566666666667,861.526666666667,"A084","c",8,"20170609","Ambient","Heterotrophy","AH","18",8.529,30.0794891842585,0.756293092107809,3.19538111313751
"20","A084d","Connecting",454.6,"A084d Connecting",796.11,490.655,"A084","d",1,"20170609","Ambient","Heterotrophy","AH","18",1.137,36.0275297312868,1.62254537302178,1.75627643475224
"21","A092a","Connecting",306.67,"A092a Connecting",372.91,353.03,"A092","a",4,"20170609","Ambient","No Heterotrophy","AN","16",4.174,18.6126085346282,1.05631249468884,1.22224593535369
"22","A092b","Connecting",348.663333333333,"A092b Connecting",613.61,346.78,"A092","b",1,"20170609","Ambient","No Heterotrophy","AN","16",0.905,28.5175507180774,1.76945037199377,1.19799386907765
"23","A110a","Connecting",397.89,"A110a Connecting",840.806666666667,552.203333333333,"A110","a",6,"20170609","Ambient","Heterotrophy","AH","14",5.139,37.8668230388324,1.522639607391,1.99510431622108
"24","A110b","Connecting",663.02375,"A110b Connecting",614.573333333333,718.216666666667,"A110","b",8,"20170609","Ambient","Heterotrophy","AH","14",7.4,28.5571924337819,0.855693500104425,2.63929093425427
"25","A110c","Connecting",825.106666666667,"A110c Connecting",856.861886666667,1054.84821,"A110","c",10,"20170609","Ambient","Heterotrophy","AH","14",14.662,38.5275044922706,0.812308234060204,3.94553261417873
"26","A113a","Connecting",594.012857142857,"A113a Connecting",863.813333333333,730.753333333333,"A113","a",2,"20170609","Ambient","Heterotrophy","AH","14",2.313,38.8135604844794,1.18208606643373,2.68793734559518
"27","A113c","Connecting",463.191666666667,"A113c Connecting",929.19,639.23,"A113","c",1,"20170609","Ambient","Heterotrophy","AH","14",1.41,41.503847578289,1.45360824742268,2.33279655426642
"28","A113d","Connecting",221.853333333333,"A113d Connecting",656.19,504.383333333333,"A113","d",1,"20170609","Ambient","Heterotrophy","AH","14",2.418,30.2697419859265,1.30097478769454,1.80954690672979
"29","A113e","Connecting",610.779,"A113e Connecting",672.813333333333,791.703333333333,"A113","e",7,"20170609","Ambient","Heterotrophy","AH","14",4.549,30.9538016268192,0.849830113131602,2.92444349591919
"31","A126a","Connecting",465.301111111111,"A126a Connecting",507.083333333333,417.91,"A126","a",10,"20170609","Cool","No Heterotrophy","CN","13",9.266,24.1339176714264,1.2133792762397,1.47400178495208
"32","A139a","Connecting",418.31,"A139a Connecting",658.50809,606.7489,"A139","a",7,"20170609","Cool","Heterotrophy","CH","17",6.859,30.365132710588,1.08530578300183,2.2067591478794
"33","A139b","Connecting",284.473333333333,"A139b Connecting",744.787966666667,503.833013333333,"A139","b",3,"20170609","Cool","Heterotrophy","CH","17",3.875,33.9155988093768,1.47824367787888,1.8074114831917
"34","A139c","Connecting",650.11,"A139c Connecting",583.946436666667,630.938206666667,"A139","c",4,"20170609","Cool","Heterotrophy","CH","17",5.328,27.2968781805961,0.92552080456775,2.30062165483166
"35","A140a","Connecting",519.268888888889,"A140a Connecting",821.83,683.603333333333,"A140","a",6,"20170609","Cool","Heterotrophy","CH","17",5.621,37.0859223900251,1.20220303197273,2.50497975760868
"36","A140b","Connecting",491.626666666667,"A140b Connecting",872.216666666667,598.516666666667,"A140","b",6,"20170609","Cool","Heterotrophy","CH","17",4.945,39.1593624405031,1.45729720698393,2.17481536093542
"37","A163a","Connecting",700.62,"A163a Connecting",715.733203333333,791.771,"A163","a",7,"20170609","Cool","Heterotrophy","CH","19",8.732,32.7199787388722,0.903964913255643,2.92470606495673
"38","A180a","Connecting",607.88,"A180a Connecting",857.23,774.84,"A180","a",5,"20170609","Ambient","Heterotrophy","AH","21",4.059,38.542652565738,1.10633162975582,2.85900818749758
"39","A180c","Connecting",774.528,"A180c Connecting",778.213333333333,1142.95,"A180","c",5,"20170609","Ambient","Heterotrophy","AH","21",3.521,35.2910716980097,0.680881345057381,4.28739668619766
"40","A283a","Connecting",497.312222222222,"A283a Connecting",600.156666666667,579.693333333333,"A283","a",10,"20170610","Ambient","No Heterotrophy","AN","16",7.759,27.9639383838799,1.03530027370794,2.10177460452964
"41","A283b","Connecting",276.4975,"A283b Connecting",459.226666666667,446.566666666667,"A283","b",3,"20170610","Ambient","No Heterotrophy","AN","16",3.5,22.1645885628849,1.02834963051429,1.58519912563217
"42","A283c","Connecting",354.935,"A283c Connecting",576.976666666667,482.843333333333,"A283","c",2,"20170610","Ambient","No Heterotrophy","AN","16",2.081,27.0100681727775,1.19495626600761,1.72596458551602
"43","A283d","Connecting",291.055,"A283d Connecting",422.776666666667,407.106666666667,"A283","d",3,"20170610","Ambient","No Heterotrophy","AN","16",4.305,20.6646502887398,1.03849114073298,1.43208127999172
"44","A307a","Connecting",438.785555555556,"A307a Connecting",566.97,550.843333333333,"A307","a",5,"20170610","Cool","No Heterotrophy","CN","20",7.519,26.5982881362907,1.02927632176118,1.98982706659941
"45","A307b","Connecting",417.392222222222,"A307b Connecting",726.5,514.18,"A307","b",4,"20170610","Cool","No Heterotrophy","CN","20",4.3,33.163038558084,1.41292932436112,1.84756121221528
"46","A307c","Connecting",541.155555555556,"A307c Connecting",807.373333333333,553.92,"A307","c",4,"20170610","Cool","No Heterotrophy","CN","20",3.812,36.4910223173258,1.45756306566532,2.0017655504249
"47","A307d","Connecting",558.38,"A307d Connecting",629.21,561.63,"A307","d",6,"20170610","Cool","No Heterotrophy","CN","20",7.25,29.1594996090696,1.12032833003935,2.03168289938303
"48","A319a","Connecting",336.2775,"A319a Connecting",564.75,441.943333333333,"A319","a",6,"20170610","Ambient","No Heterotrophy","AN","22",7.484,26.5069338710341,1.2778787627373,1.56725906380557
"49","A319b","Connecting",178.996666666667,"A319b Connecting",461.83,361.42,"A319","b",3,"20170610","Ambient","No Heterotrophy","AN","22",2.383,22.2717172132834,1.27782081788501,1.25480190912266
"50","A319c","Connecting",482.62375,"A319c Connecting",617.65,679.033333333333,"A319","c",6,"20170610","Ambient","No Heterotrophy","AN","22",4.029,28.6837990206164,0.909601885032644,2.48724664674764
"51","A333a","Connecting",600.39,"A333a Connecting",579.193333333333,871.896666666667,"A333","a",15,"20170610","Cool","Heterotrophy","CH","24",11.726,27.1012852694677,0.66429125775608,3.23562014150272
"52","A333b","Connecting",477.64,"A333b Connecting",711.803333333333,559.443333333333,"A333","b",3,"20170610","Cool","Heterotrophy","CH","24",2.873,32.5582623486002,1.27234214963684,2.02319790979525
"53","A336a","Connecting",761.891111111111,"A336a Connecting",615.29871,813.15262,"A336","a",6,"20170610","Cool","Heterotrophy","CH","24",6.887,28.587042097033,0.756682933641658,3.00767381940941
"54","A336b","Connecting",532.295,"A336b Connecting",810.150405,551.395495,"A336","b",1,"20170610","Cool","Heterotrophy","CH","24",0.549,36.6053003991605,1.46927280390639,1.99196963641302
"55","A336c","Connecting",604.82,"A336c Connecting",497.31205,623.363953333333,"A336","c",5,"20170610","Cool","Heterotrophy","CH","24",7.838,23.7318237932595,0.797787628464411,2.27123104781861
"56","A336d","Connecting",529.676666666667,"A336d Connecting",769.530675,599.69192,"A336","d",1,"20170610","Cool","Heterotrophy","CH","24",1.267,34.9337753590387,1.28321001056676,2.1793757324124
"57","A336e","Connecting",567.915,"A336e Connecting",742.109715,684.55226,"A336","e",1,"20170610","Cool","Heterotrophy","CH","24",1.785,33.8053872268631,1.08408043967308,2.50866190679446
"58","A348a","Connecting",486.27,"A348a Connecting",605.24724,564.474485,"A348","a",2,"20170610","Cool","No Heterotrophy","CN","23",1.921,28.1734183778445,1.07223135160839,2.04272044158162
"59","A348b","Connecting",280.463333333333,"A348b Connecting",736.2809475,489.532265,"A348","b",2,"20170610","Cool","No Heterotrophy","CN","23",1.895,33.5655301222172,1.50404988627256,1.75191985177137
"60","A349a","Connecting",251.383333333333,"A349a Connecting",476.78529,420.380955,"A349","a",3,"20170610","Cool","No Heterotrophy","CN","23",4.468,22.8871359203325,1.13417433480068,1.4835899072601
"61","A349b","Connecting",343.168333333333,"A349b Connecting",560.871866666667,469.741126666667,"A349","b",2,"20170610","Cool","No Heterotrophy","CN","23",2.513,26.347346474082,1.19400204671597,1.67512369200523
"62","A349c","Connecting",432.87,"A349c Connecting",562.187153333333,427.40238,"A349","c",2,"20170610","Cool","No Heterotrophy","CN","23",2.709,26.4014712700438,1.31535803177636,1.51083535757247
"63","A349d","Connecting",294.198,"A349d Connecting",501.90323,416.427146666667,"A349","d",2,"20170610","Cool","No Heterotrophy","CN","23",2.46,23.9207534669355,1.20526059364173,1.46824782378125
"64","A357a","Connecting",550.16625,"A357a Connecting",966.47,827.203333333333,"A357","a",4,"20170610","Ambient","Heterotrophy","AH","21",3.042,43.0379408254804,1.16835844471936,3.06219523236713
"65","A361a","Connecting",394.254285714286,"A361a Connecting",782.426666666667,628.076666666667,"A361","a",5,"20170610","Ambient","Heterotrophy","AH","21",5.234,35.4644527660041,1.24575025341917,2.28951793359461
"66","A361b","Connecting",526.475,"A361b Connecting",1000.66666666667,717.986666666667,"A361","b",3,"20170610","Ambient","Heterotrophy","AH","21",2.123,44.4451531487044,1.39371204664896,2.63839845821531
"67","A368a","Connecting",442.132222222222,"A368a Connecting",760.723333333333,784.353333333333,"A368","a",10,"20170610","Cool","Heterotrophy","CH","19",11.239,34.5713482298396,0.969873271399794,2.89592306597856
"68","A368b","Connecting",510.057777777778,"A368b Connecting",713.95,515.283333333333,"A368","b",4,"20170610","Cool","Heterotrophy","CH","19",4.795,32.6465989053948,1.38554840379079,1.85184251031521
"69","A395a","Connecting",421.302222222222,"A395a Connecting",637.05,514.9,"A395","a",8,"20170610","Ambient","No Heterotrophy","AN","15",8.859,29.4821200773631,1.23723053020004,1.85035505025028
"70","A395b","Connecting",359.88,"A395b Connecting",573.033333333333,449.376666666667,"A395","b",1,"20170610","Ambient","No Heterotrophy","AN","15",1.861,26.8477977586656,1.2751737592072,1.59610285462988
"71","A395c","Connecting",426.04875,"A395c Connecting",573.626666666667,495.906666666667,"A395","c",8,"20170610","Ambient","No Heterotrophy","AN","15",8.865,26.872213763494,1.15672303928159,1.77665463764179
"72","A401a","Connecting",402.415,"A401a Connecting",458.21,609.08,"A401","a",2,"20170610","Ambient","No Heterotrophy","AN","15",1.926,22.1227521501173,0.752298548630722,2.21580458655077
"73","A401b","Connecting",198.18,"A401b Connecting",488.573333333333,397.596666666667,"A401","b",3,"20170610","Ambient","No Heterotrophy","AN","15",3.26,23.3722206219223,1.22881647230443,1.39517933594609
"74","A401c","Connecting",375.92,"A401c Connecting",610.055,412.57,"A401","c",1,"20170610","Ambient","No Heterotrophy","AN","15",0.97,28.3712604419571,1.47867028625445,1.45328081952582
"75","A401d","Connecting",386.175555555556,"A401d Connecting",389.863333333333,543.833333333333,"A401","d",6,"20170610","Ambient","No Heterotrophy","AN","15",6.836,19.3102478635996,0.716880171621208,1.96262594906419
"76","A405a","Connecting",240.16,"A405a Connecting",529.516666666667,474.48,"A405","a",6,"20170610","Ambient","No Heterotrophy","AN","15",4.207,25.0570621236437,1.11599364918788,1.69351208722983
"77","A405b","Connecting",358.18875,"A405b Connecting",585.45,446.303333333333,"A405","b",4,"20170610","Ambient","No Heterotrophy","AN","15",3.666,27.3587506686968,1.31177599689299,1.58417730523974
"78","A406a","Connecting",240.437777777778,"A406a Connecting",427.356666666667,456.37,"A406","a",5,"20160610","Ambient","No Heterotrophy","AN","15",NA,20.8531198990439,0.936425853291554,1.62323929998836
"79","A406b","Connecting",284.915555555556,"A406b Connecting",537.02571,470.113013333333,"A406","b",11,"20170610","Ambient","No Heterotrophy","AN","15",NA,25.36606353648,1.14233321513953,1.67656673521917
"80","A407a","Connecting",434.9125,"A407a Connecting",548.32992,527.769056666667,"A407","a",6,"20170610","Cool","No Heterotrophy","CN","13",NA,25.8312382206494,1.03895806901449,1.90029124468071
"81","A407b","Connecting",468.89125,"A407b Connecting",503.85848,576.33563,"A407","b",10,"20170610","Cool","No Heterotrophy","CN","13",NA,24.0012131188017,0.874244890950088,2.08874560552559
"82","A409a","Connecting",295.972857142857,"A409a Connecting",556.753333333333,462.79,"A409","a",5,"20170611","Ambient","No Heterotrophy","AN","22",4.18,26.1778664801174,1.20303665449412,1.64815102246711
"83","A409b","Connecting",207.18,"A409b Connecting",604.11,446.933333333333,"A409","b",2,"20170611","Ambient","No Heterotrophy","AN","22",1.197,28.1266203036912,1.3516781026253,1.58662191352037
"84","A409c","Connecting",314.834,"A409c Connecting",707.256666666667,501.226666666667,"A409","c",4,"20170611","Ambient","No Heterotrophy","AN","22",3.143,32.3711644239606,1.41105155352203,1.79729799645596
"85","A409d","Connecting",286.28,"A409d Connecting",621.766666666667,472.046666666667,"A409","d",3,"20170611","Ambient","No Heterotrophy","AN","22",1.893,28.8532022001838,1.31717203101388,1.68406994942636
"86","A409e","Connecting",297.066666666667,"A409e Connecting",609.846666666667,473.106666666667,"A409","e",6,"20170611","Ambient","No Heterotrophy","AN","22",4.441,28.3626874065539,1.28902573063157,1.68818309986678
"87","A423a","Connecting",370.375,"A423a Connecting",751.45,509.966666666667,"A423","a",2,"20170611","Cool","No Heterotrophy","CN","20",1.635,34.1897452779721,1.47352768154781,1.83121208593639
"88","A423b","Connecting",392.214444444444,"A423b Connecting",778.223333333333,559.36,"A423","b",4,"20170611","Cool","No Heterotrophy","CN","20",3.082,35.291483203709,1.3912745518688,2.02287454891157
"89","A424a","Connecting",391.22625,"A424a Connecting",693.875666666667,549.368626666667,"A424","a",5,"20170611","Cool","No Heterotrophy","CN","20",NA,31.8205286476551,1.26304203222672,1.98410471718857
"90","A424b","Connecting",288.426666666667,"A424b Connecting",537.452306666667,486.894463333333,"A424","b",3,"20170611","Cool","No Heterotrophy","CN","20",NA,25.3836182324459,1.10383737573685,1.74168430923648
"91","A424c","Connecting",369.13,"A424c Connecting",579.522113333333,549.608746666667,"A424","c",3,"20170611","Cool","No Heterotrophy","CN","20",NA,27.114814753851,1.05442665686834,1.98503646217324
"92","A449a","Connecting",450.318888888889,"A449a Connecting",877.806666666667,702.48,"A449","a",3,"20170611","Ambient","Heterotrophy","AH","18",2.917,39.389394126442,1.24958243176555,2.57822746498002
"93","A449b","Connecting",444.628333333333,"A449b Connecting",629.69,501.463333333333,"A449","b",4,"20170611","Ambient","Heterotrophy","AH","18",3.767,29.1792518826386,1.25570497012078,1.79821634136562
"94","A449c","Connecting",364.965454545455,"A449c Connecting",763.873333333333,557.706666666667,"A449","c",7,"20170611","Ambient","Heterotrophy","AH","18",4.632,34.7009725251361,1.36966864301425,2.01645906897934
"95","A497a","Connecting",473.845,"A497a Connecting",609.23929,594.980736666667,"A497","a",4,"20170611","Cool","Heterotrophy","CH","17",2.823,28.3376935105551,1.02396473104863,2.16109478354222
"96","A497b","Connecting",577.68,"A497b Connecting",697.21817,721.08666,"A497","b",3,"20170611","Cool","Heterotrophy","CH","17",2.288,31.9580745648327,0.966899276711068,2.65042745721936
"97","A497c","Connecting",378.996666666667,"A497c Connecting",617.02451,582.381023333333,"A497","c",5,"20170611","Cool","Heterotrophy","CH","17",4.612,28.6580597506276,1.05948594696369,2.11220373029115
"98","A535a","Connecting",556.171111111111,"A535a Connecting",507.397163333333,639.57597,"A535","a",11,"20170612","Cool","Heterotrophy","CH","24",12.821,24.1468319547892,0.793333688464458,2.33413903224555
"99","A535b","Connecting",337.412222222222,"A535b Connecting",572.299793333333,528.84441,"A535","b",5,"20170612","Cool","Heterotrophy","CH","24",6.356,26.8176121695952,1.08217045034726,1.90446397113034
"100","A535c","Connecting",294.39,"A535c Connecting",656.381765,455.976985,"A535","c",1,"20170612","Cool","Heterotrophy","CH","24",1.885,30.2776332249702,1.43950634920752,1.62171427185596
"101","A535d","Connecting",545.12,"A535d Connecting",486.844536666667,587.93776,"A535","d",6,"20170612","Cool","Heterotrophy","CH","24",11.076,23.3010796537865,0.828054548948628,2.13376570563812
"102","A563a","Connecting",255.066666666667,"A563a Connecting",704.646666666667,440.216666666667,"A563","a",2,"20170612","Cool","No Heterotrophy","CN","20",2.925,32.2637614364292,1.60068148260326,1.56055902629571
"103","A563b","Connecting",223.576666666667,"A563b Connecting",420.51,342.913333333333,"A563","b",1,"20170612","Cool","No Heterotrophy","CN","20",0.961,20.5713756635529,1.22628652526392,1.18298992407486
"104","A563c","Connecting",468.2,"A563c Connecting",576.566666666667,591.873333333333,"A563","c",8,"20170612","Cool","No Heterotrophy","CN","20",5.907,26.993196439104,0.974138610738784,2.1490370312884
"105","A630a","Connecting",368.86,"A630a Connecting",713.537036666667,445.55681,"A630","a",2,"20170612","Ambient","Heterotrophy","AH","21",1.975,32.6296052288657,1.6014501869395,1.58128054790268
"106","A045a","Polyp",869.3025,"A045a Polyp",697.433333333333,892.026666666667,"A045","a",11,"201707609","Cool","Heterotrophy","CH","24",10.238,31.9669286586286,0.781852560461571,3.31373119656461
"107","A052a","Polyp",490.36,"A052a Polyp",399.975,626.65,"A052","a",2,"20170609","Ambient","No Heterotrophy","AN","22",1.779,19.7263487099296,0.63827495412112,2.283981995266
"108","A052b","Polyp",620.885,"A052b Polyp",461.925,590.135,"A052","b",2,"20170609","Ambient","No Heterotrophy","AN","22",1.901,22.2756265174273,0.782744626229592,2.14229172325482
"109","A052c","Polyp",519.098,"A052c Polyp",375.393333333333,589.409333333333,"A052","c",6,"20170609","Ambient","No Heterotrophy","AN","22",4.19,18.7147991166344,0.636897504168015,2.13947589667973
"110","A052d","Polyp",682.545,"A052d Polyp",506.026666666667,695.57,"A052","d",4,"20170609","Ambient","No Heterotrophy","AN","22",3.837,24.0904352358613,0.727499269184506,2.55141438050522
"111","A052e","Polyp",664.015,"A052e Polyp",577.07,715.35,"A052","e",3,"20170609","Ambient","No Heterotrophy","AN","22",3.557,27.0139088926382,0.806696022925841,2.62816731985565
"112","A052f","Polyp",737.587142857143,"A052f Polyp",437.836666666667,634.743333333333,"A052","f",4,"20170609","Ambient","No Heterotrophy","AN","22",3.69,21.2843778719669,0.689785372565289,2.31538680428906
"113","A058a","Polyp",804.36,"A058a Polyp",701.06,824.85,"A058","a",2,"20170609","Ambient","No Heterotrophy","AN","22",2.578,32.1161680589276,0.849924228647633,3.05306352101199
"114","A058b","Polyp",818.64,"A058b Polyp",703.02,661.66,"A058","b",7,"20170609","Ambient","No Heterotrophy","AN","22",6.942,32.196823176001,1.062509445939,2.4198323697179
"115","A058c","Polyp",728.8475,"A058c Polyp",554.61,580.975,"A058","c",2,"20170609","Ambient","No Heterotrophy","AN","22",2.282,26.0896670918892,0.954619389818839,2.10674789492065
"116","A058d","Polyp",700.08125,"A058d Polyp",554.09,636.326666666667,"A058","d",6,"20170609","Ambient","No Heterotrophy","AN","22",8.481,26.0682687955228,0.870763444352481,2.32153066107899
"117","A058e","Polyp",1016.43,"A058e Polyp",774.93,854.05,"A058","e",1,"20170609","Ambient","No Heterotrophy","AN","22",1.654,35.1559606600551,0.90735905391956,3.16636917465368
"118","A070a","Polyp",939.0675,"A070a Polyp",576.113333333333,690.226666666667,"A070","a",10,"20170609","Cool","No Heterotrophy","CN","20",10.552,26.9745415140666,0.834672667915854,2.53068048064362
"119","A083a","Polyp",836.198333333333,"A083a Polyp",554.946666666667,800.26,"A083","a",4,"20170609","Ambient","Heterotrophy","AH","18",4.403,26.1035211171008,0.693457959496497,2.95764619145551
"120","A083b","Polyp",967.433333333333,"A083b Polyp",724.316666666667,894.656666666667,"A083","b",6,"20170609","Ambient","Heterotrophy","AH","18",6.219,33.0731931470584,0.809602938930018,3.32393646605357
"121","A083c","Polyp",739.903333333333,"A083c Polyp",886.01,786.916666666667,"A083","c",3,"20170609","Ambient","Heterotrophy","AH","18",2.039,39.7269659684787,1.12592608281267,2.90586964676057
"122","A084a","Polyp",786.6925,"A084a Polyp",739.06,660.89,"A084","a",3,"20170609","Ambient","Heterotrophy","AH","18",3.03,33.6798897164726,1.11827989529271,2.41684451515269
"123","A084b","Polyp",791.155,"A084b Polyp",738.926666666667,821.22,"A084","b",4,"20170609","Ambient","Heterotrophy","AH","18",3.391,33.6744029738145,0.899791367315295,3.03897792091886
"124","A084c","Polyp",977.585,"A084c Polyp",846.373333333333,943.52,"A084","c",8,"20170609","Ambient","Heterotrophy","AH","18",8.529,38.0958945448061,0.897038041942231,3.51354235380854
"125","A084d","Polyp",881.12,"A084d Polyp",802.89,691.3,"A084","d",1,"20170609","Ambient","Heterotrophy","AH","18",1.137,36.3065305954487,1.16142051207869,2.53484536882542
"126","A092a","Polyp",622.258,"A092a Polyp",411.023333333333,566.133333333333,"A092","a",4,"20170609","Ambient","No Heterotrophy","AN","16",4.174,20.1809939234325,0.726018605746585,2.04915732153713
"127","A092b","Polyp",596.515,"A092b Polyp",650.88,697.55,"A092","b",1,"20170609","Ambient","No Heterotrophy","AN","16",0.905,30.0512324595696,0.933094401834994,2.55909743510147
"128","A110a","Polyp",786.327142857143,"A110a Polyp",768.703333333333,757.486666666667,"A110","a",6,"20170609","Ambient","Heterotrophy","AH","14",5.139,34.8997297779241,1.01480774139039,2.79167151707992
"129","A110b","Polyp",833.422857142857,"A110b Polyp",674.356666666667,972.72,"A110","b",8,"20170609","Ambient","Heterotrophy","AH","14",7.4,31.0173106730862,0.693269046248321,3.62684800745024
"130","A110c","Polyp",884.015714285714,"A110c Polyp",741.733456666667,1176.84452333333,"A110","c",10,"20170609","Ambient","Heterotrophy","AH","14",14.662,33.7899039820035,0.630273109115345,4.41891864240167
"131","A113a","Polyp",946.52,"A113a Polyp",794.79,1060.62,"A113","a",2,"20170609","Ambient","Heterotrophy","AH","14",2.313,35.9732109789721,0.749363579792951,3.96792906755656
"132","A113c","Polyp",994.925,"A113c Polyp",908.26,1001.39,"A113","c",1,"20170609","Ambient","Heterotrophy","AH","14",1.41,40.6425661495412,0.906999271013291,3.73809708587172
"133","A113d","Polyp",798.605,"A113d Polyp",907.63,843.51,"A113","d",1,"20170609","Ambient","Heterotrophy","AH","14",2.418,40.6166412904819,1.07601569631658,3.12547049008576
"134","A113e","Polyp",915.52,"A113e Polyp",798.25,861.486666666667,"A113","e",7,"20170609","Ambient","Heterotrophy","AH","14",4.549,36.1155919509485,0.92659588463354,3.19522589991334
"136","A126a","Polyp",812.5875,"A126a Polyp",693.37,730.133333333333,"A126","a",10,"20170609","Cool","No Heterotrophy","CN","13",9.266,31.7997201761244,0.949648466033601,2.68553154062059
"137","A139a","Polyp",762.802857142857,"A139a Polyp",636.376716666667,809.18955,"A139","a",7,"20170609","Cool","Heterotrophy","CH","17",6.859,29.4544140844684,0.786437141540776,2.99229579760196
"138","A139b","Polyp",702.73,"A139b Polyp",622.062273333333,690.487126666667,"A139","b",3,"20170609","Cool","Heterotrophy","CH","17",3.875,28.8653665829938,0.900903506103503,2.53169115155278
"139","A139c","Polyp",953.463333333333,"A139c Polyp",460.378966666667,554.159083333333,"A139","c",4,"20170609","Cool","Heterotrophy","CH","17",5.328,22.2120063646215,0.83077040603112,2.00269327280018
"140","A140a","Polyp",1125.84875,"A140a Polyp",671.923333333333,931.723333333333,"A140","a",6,"20170609","Cool","Heterotrophy","CH","17",5.621,30.9171776195767,0.721161861353692,3.46776738711472
"141","A140b","Polyp",894.4,"A140b Polyp",709.403333333333,909.48,"A140","b",6,"20170609","Cool","Heterotrophy","CH","17",4.945,32.4595009807553,0.780009822462653,3.38145590004268
"142","A163a","Polyp",949.5125,"A163a Polyp",662.472576666667,898.83927,"A163","a",7,"20170609","Cool","Heterotrophy","CH","19",8.732,30.5282735964226,0.737031189866311,3.340166349773
"143","A180a","Polyp",947.07875,"A180a Polyp",735.93,892.946666666667,"A180","a",5,"20170609","Ambient","Heterotrophy","AH","21",4.059,33.5510884325748,0.824158964327843,3.31730110072045
"144","A180c","Polyp",1055.092,"A180c Polyp",883.923333333333,899.586666666667,"A180","c",5,"20170609","Ambient","Heterotrophy","AH","21",3.521,39.6410984458801,0.982588299811765,3.34306649593212
"145","A283a","Polyp",650.463333333333,"A283a Polyp",496.596666666667,640.53,"A283","a",10,"20170610","Ambient","No Heterotrophy","AN","16",7.759,23.7023853613706,0.775290254424721,2.33784098405184
"146","A283b","Polyp",714.931666666667,"A283b Polyp",509.023333333333,719.22,"A283","b",3,"20170610","Ambient","No Heterotrophy","AN","16",3.5,24.2137497771011,0.70774357405708,2.64318419929378
"147","A283c","Polyp",788.0625,"A283c Polyp",530.62,709.195,"A283","c",2,"20170610","Ambient","No Heterotrophy","AN","16",2.081,25.1024649191391,0.748200424424876,2.604283884987
"148","A283d","Polyp",724.52,"A283d Polyp",475.885,658.775,"A283","d",3,"20170610","Ambient","No Heterotrophy","AN","16",4.305,22.8500884737254,0.722378657356457,2.40863761592488
"149","A307a","Polyp",781.302,"A307a Polyp",584.096666666667,742.79,"A307","a",5,"20170610","Cool","No Heterotrophy","CN","20",7.519,27.3030602307175,0.786355048757612,2.73464359163401
"150","A307b","Polyp",661.591666666667,"A307b Polyp",770.236666666667,874.606666666667,"A307","b",4,"20170610","Cool","No Heterotrophy","CN","20",4.3,34.9628273184917,0.880666356686053,3.24613583744002
"151","A307c","Polyp",864.788,"A307c Polyp",778.723333333333,862.026666666667,"A307","c",4,"20170610","Cool","No Heterotrophy","CN","20",3.812,35.3120584886767,0.903363391697086,3.19732127843959
"152","A307d","Polyp",887.135,"A307d Polyp",710,867.39,"A307","d",6,"20170610","Cool","No Heterotrophy","CN","20",7.25,32.48405415415,0.818547596813429,3.21813278491328
"153","A319a","Polyp",637.0025,"A319a Polyp",511.176666666667,590.073333333333,"A319","a",6,"20170610","Ambient","No Heterotrophy","AN","22",7.484,24.3023606710286,0.866293455050785,2.1420524362009
"154","A319b","Polyp",550.784,"A319b Polyp",558.365,584.56,"A319","b",3,"20170610","Ambient","No Heterotrophy","AN","22",2.383,26.2441874819966,0.955188517859587,2.12065888013659
"155","A319c","Polyp",589.01,"A319c Polyp",472.216666666667,568.196666666667,"A319","c",6,"20170610","Ambient","No Heterotrophy","AN","22",4.029,22.6991344663457,0.831079614452742,2.05716373701706
"156","A333a","Polyp",853.154285714286,"A333a Polyp",664.39,820.11,"A333","a",15,"20170610","Cool","Heterotrophy","CH","24",11.726,30.6071766593967,0.810123032276158,3.03467075394824
"157","A333b","Polyp",787.32,"A333b Polyp",728.263333333333,800.45,"A333","b",3,"20170610","Cool","Heterotrophy","CH","24",2.873,33.2356007297368,0.909817394382327,2.9583834542703
"158","A336a","Polyp",909.084,"A336a Polyp",570.783793333333,866.42495,"A336","a",6,"20170610","Cool","Heterotrophy","CH","24",6.887,26.7552279055732,0.658780421008575,3.21438807186372
"159","A336b","Polyp",656.71,"A336b Polyp",531.29535,714.09115,"A336","b",1,"20170610","Cool","Heterotrophy","CH","24",0.549,25.130255956545,0.744016152559796,2.6232825656746
"160","A336c","Polyp",779.36,"A336c Polyp",614.484943333333,784.780876666667,"A336","c",5,"20170610","Cool","Heterotrophy","CH","24",7.838,28.5535551349053,0.78300193290048,2.8975820754595
"161","A336d","Polyp",785.035,"A336d Polyp",876.09308,743.93303,"A336","d",1,"20170610","Cool","Heterotrophy","CH","24",1.267,39.318879058475,1.17765046673623,2.73907892592449
"162","A336e","Polyp",803.85,"A336e Polyp",861.07142,843.41854,"A336","e",1,"20170610","Cool","Heterotrophy","CH","24",1.785,38.7007291880993,1.02093015408459,3.1251155950487
"163","A348a","Polyp",716.46,"A348a Polyp",591.02146,660.84835,"A348","a",2,"20170610","Cool","No Heterotrophy","CN","23",1.921,27.588019423069,0.894337498156725,2.41668289938303
"164","A348b","Polyp",652.97,"A348b Polyp",751.88083,683.04295,"A348","b",2,"20170610","Cool","No Heterotrophy","CN","23",1.895,34.2074741780174,1.10078118806438,2.50280528501028
"165","A349a","Polyp",698.895,"A349a Polyp",525.47894,649.335403333333,"A349","a",3,"20170610","Cool","No Heterotrophy","CN","23",4.468,24.8909073700671,0.80925656802706,2.37200886008821
"166","A349b","Polyp",741.6325,"A349b Polyp",592.42782,766.59235,"A349","b",2,"20170610","Cool","No Heterotrophy","CN","23",2.513,27.6458919386034,0.772806850994534,2.82700457879011
"167","A349c","Polyp",863.095,"A349c Polyp",577.54292,678.56195,"A349","c",2,"20170610","Cool","No Heterotrophy","CN","23",2.709,27.033369820172,0.851127771016338,2.48541752357301
"168","A349d","Polyp",798.686666666667,"A349d Polyp",514.09113,697.637483333333,"A349","d",2,"20170610","Cool","No Heterotrophy","CN","23",2.46,24.4222924982511,0.73690296505236,2.55943689935716
"169","A357a","Polyp",932.191428571429,"A357a Polyp",729.863333333333,931.863333333333,"A357","a",4,"20170610","Ambient","Heterotrophy","AH","21",3.042,33.3014416416334,0.783230015846387,3.4683106333993
"170","A361a","Polyp",748.898333333333,"A361a Polyp",862.28,769.716666666667,"A361","a",5,"20170610","Ambient","Heterotrophy","AH","21",5.234,38.7504629439118,1.12025637139207,2.83912796036889
"171","A361b","Polyp",645.392,"A361b Polyp",737.55,726.113333333333,"A361","b",3,"20170610","Ambient","Heterotrophy","AH","21",2.123,33.6177523558701,1.01575052562961,2.66993261159184
"172","A368a","Polyp",941.071666666667,"A368a Polyp",646.383333333333,826.59,"A368","a",10,"20170610","Cool","Heterotrophy","CH","19",11.239,29.8661920634267,0.781987845646975,3.05981529626324
"173","A368b","Polyp",839.666666666667,"A368b Polyp",697.94,789.053333333333,"A368","b",4,"20170610","Cool","Heterotrophy","CH","19",4.795,31.9877782807292,0.884528295510232,2.91416061981814
"174","A395a","Polyp",705.76,"A395a Polyp",574.346666666667,668.04,"A395","a",8,"20170610","Ambient","No Heterotrophy","AN","15",8.859,26.9018421738474,0.859748917230505,2.44458887897249
"175","A395b","Polyp",803.23,"A395b Polyp",667.29,815.47,"A395","b",1,"20170610","Ambient","No Heterotrophy","AN","15",1.861,30.7265133122094,0.818288839564913,3.0166660199449
"176","A395c","Polyp",747.422,"A395c Polyp",546.97,716.713333333333,"A395","c",8,"20170610","Ambient","No Heterotrophy","AN","15",8.865,25.7752767375828,0.763164259071502,2.63345750391267
"177","A401a","Polyp",919.29,"A401a Polyp",523.91,777.835,"A401","a",2,"20170610","Ambient","No Heterotrophy","AN","15",1.926,24.8263445948726,0.673549017465144,2.87062977765706
"178","A401b","Polyp",920.04,"A401b Polyp",562.12,724.2,"A401","b",3,"20170610","Ambient","No Heterotrophy","AN","15",3.26,26.398707872104,0.776194421430544,2.66250824570253
"179","A401c","Polyp",545.625,"A401c Polyp",742.41,569.09,"A401","c",1,"20170610","Ambient","No Heterotrophy","AN","15",0.97,33.8177441257561,1.30455639705495,2.06063016569012
"180","A401d","Polyp",918.891666666667,"A401d Polyp",403.25,838.853333333333,"A401","d",6,"20170610","Ambient","No Heterotrophy","AN","15",6.836,19.861116826468,0.480715738945227,3.10740108390568
"181","A405a","Polyp",623.648571428571,"A405a Polyp",570.93,658.936666666667,"A405","a",6,"20170610","Ambient","No Heterotrophy","AN","15",4.207,26.7612443932348,0.866441387892615,2.40926493603922
"182","A405b","Polyp",490.683333333333,"A405b Polyp",528.56,673.543333333333,"A405","b",4,"20170610","Ambient","No Heterotrophy","AN","15",3.666,25.0176947450722,0.784745351697243,2.46594363173076
"183","A406a","Polyp",613.693333333333,"A406a Polyp",394.206666666667,630.663333333333,"A406","a",5,"20160610","Ambient","No Heterotrophy","AN","15",NA,19.4889785056856,0.625066728682498,2.29955505542406
"184","A406b","Polyp",531.786666666667,"A406b Polyp",492.842876666667,517.33345,"A406","b",11,"20170610","Ambient","No Heterotrophy","AN","15",NA,23.5479147634528,0.95265998490271,1.85979764075899
"185","A407a","Polyp",733.638333333333,"A407a Polyp",555.083346666667,715.228843333333,"A407","a",6,"20170610","Cool","No Heterotrophy","CN","13",NA,26.1091455769996,0.77609194852894,2.62769719193409
"186","A407b","Polyp",949.2625,"A407b Polyp",625.37961,653.389803333333,"A407","b",10,"20170610","Cool","No Heterotrophy","CN","13",NA,29.0018768774948,0.957130960430609,2.38774127248975
"187","A409a","Polyp",582.21,"A409a Polyp",569.303333333333,625.56,"A409","a",5,"20170611","Ambient","No Heterotrophy","AN","22",4.18,26.6943061328066,0.910069910693352,2.27975243490745
"188","A409b","Polyp",657.7225,"A409b Polyp",625.865,685.03,"A409","b",2,"20170611","Ambient","No Heterotrophy","AN","22",1.197,29.0218509526357,0.913631519787455,2.51051569593729
"189","A409c","Polyp",721.344,"A409c Polyp",678.31,595.15,"A409","c",4,"20170611","Ambient","No Heterotrophy","AN","22",3.143,31.1799925928974,1.13972947996303,2.16175158123472
"190","A409d","Polyp",712.8,"A409d Polyp",640.02,641.35,"A409","d",3,"20170611","Ambient","No Heterotrophy","AN","22",1.893,29.6043372700712,0.997926249317845,2.34102285514726
"191","A409e","Polyp",816.5925,"A409e Polyp",678.1,630.673333333333,"A409","e",6,"20170611","Ambient","No Heterotrophy","AN","22",4.441,31.171350973211,1.07520005073942,2.2995938587301
"192","A423a","Polyp",796.37,"A423a Polyp",659.345,759.1,"A423","a",2,"20170611","Cool","No Heterotrophy","CN","20",1.635,30.3995720340727,0.868587801343697,2.79793178378798
"193","A423b","Polyp",882.976,"A423b Polyp",765.123333333333,796.066666666667,"A423","b",4,"20170611","Cool","No Heterotrophy","CN","20",3.082,34.7524107375554,0.961129721128884,2.9413746717887
"194","A424a","Polyp",723.59,"A424a Polyp",754.805786666667,692.47879,"A424","a",5,"20170611","Cool","No Heterotrophy","CN","20",NA,34.327837811887,1.0900056399802,2.53941946373831
"195","A424b","Polyp",711.1075,"A424b Polyp",587.37406,650.325393333333,"A424","b",3,"20170611","Cool","No Heterotrophy","CN","20",NA,27.4379268342867,0.903200253321391,2.37585034858303
"196","A424c","Polyp",499.74,"A424c Polyp",529.971293333333,666.496256666667,"A424","c",3,"20170611","Cool","No Heterotrophy","CN","20",NA,25.0757702700849,0.795160194873212,2.43859864447118
"197","A449a","Polyp",878.542,"A449a Polyp",633.006666666667,903.606666666667,"A449","a",3,"20170611","Ambient","Heterotrophy","AH","18",2.917,29.3157346062576,0.700533417932581,3.35866542496087
"198","A449b","Polyp",882.996666666667,"A449b Polyp",583.31,884.916666666667,"A449","b",4,"20170611","Ambient","Heterotrophy","AH","18",3.767,27.270688449035,0.659169413315755,3.28614204596898
"199","A449c","Polyp",672.74,"A449c Polyp",717.393333333333,664.05,"A449","c",7,"20170611","Ambient","Heterotrophy","AH","18",4.632,32.788294034539,1.08033029641342,2.42910635986186
"200","A497a","Polyp",602.8575,"A497a Polyp",596.456156666667,739.778736666667,"A497","a",4,"20170611","Cool","Heterotrophy","CH","17",2.823,27.8116602883283,0.806262909575111,2.72295889436447
"201","A497b","Polyp",875.6675,"A497b Polyp",673.65341,950.383675,"A497","b",3,"20170611","Cool","Heterotrophy","CH","17",2.288,30.988371260442,0.708822581574752,3.5401756819681
"202","A497c","Polyp",691.906666666667,"A497c Polyp",640.910933333333,680.09682,"A497","c",5,"20170611","Cool","Heterotrophy","CH","17",4.612,29.6409996845123,0.942381899879099,2.49137332660743
"203","A535a","Polyp",841.805,"A535a Polyp",669.912963333333,706.506483333333,"A535","a",11,"20170612","Cool","Heterotrophy","CH","24",12.821,30.8344497482957,0.948204976368582,2.59385155148552
"204","A535b","Polyp",895.51,"A535b Polyp",608.819626666667,788.942796666667,"A535","b",5,"20170612","Cool","Heterotrophy","CH","24",6.356,28.3204241252075,0.771690456188925,2.91373170100759
"205","A535c","Polyp",411.35,"A535c Polyp",642.27435,493.49493,"A535","c",1,"20170612","Cool","Heterotrophy","CH","24",1.885,29.697105057405,1.30148115199481,1.76729630204493
"206","A535d","Polyp",760.92,"A535d Polyp",532.065796666667,841.51433,"A535","d",6,"20170612","Cool","Heterotrophy","CH","24",11.076,25.1619602759832,0.632271819621499,3.11772663070894
"207","A563a","Polyp",920.175,"A563a Polyp",650.64,740.325,"A563","a",2,"20170612","Cool","No Heterotrophy","CN","20",2.925,30.0413563227851,0.87885725863641,2.72507857669473
"208","A563b","Polyp",774.945,"A563b Polyp",665.89,657.85,"A563","b",1,"20170612","Cool","No Heterotrophy","CN","20",0.961,30.6689025142998,1.01222163107091,2.40504831011602
"209","A563c","Polyp",676.355,"A563c Polyp",573.133333333333,679.41,"A563","c",8,"20170612","Cool","No Heterotrophy","CN","20",5.907,26.8519128156592,0.84357506267693,2.48870823794187
"210","A630a","Polyp",994.75,"A630a Polyp",761.072105,656.966065,"A630","a",2,"20170612","Ambient","Heterotrophy","AH","21",1.975,34.5857003827003,1.15846486682687,2.40161835008343
"211","A045a","Colony",784.823472222222,"A045a Colony",703.305,932.201666666667,"A045","a",11,"201707609","Cool","Heterotrophy","CH","24",10.238,32.2085510884326,0.754455849145661,3.46962347858704
"212","A052a","Colony",377.906875,"A052a Colony",461.4925,541.043333333333,"A052","a",2,"20170609","Ambient","No Heterotrophy","AN","22",1.779,22.2578288959302,0.852967722856456,1.95179982667857
"213","A052b","Colony",413.0645,"A052b Colony",439.010833333333,472.884166666667,"A052","b",2,"20170609","Ambient","No Heterotrophy","AN","22",1.901,21.3326954994993,0.928368645598552,1.68731972630735
"214","A052c","Colony",395.084,"A052c Colony",395.933333333333,520.414666666667,"A052","c",6,"20170609","Ambient","No Heterotrophy","AN","22",4.19,19.5600318231074,0.760803564337157,1.87175378008873
"215","A052d","Colony",469.348928571429,"A052d Colony",493.836666666667,578.49,"A052","d",4,"20170609","Ambient","No Heterotrophy","AN","22",3.837,23.5888097883489,0.853665001411721,2.09710527336929
"216","A052e","Colony",469.619375,"A052e Colony",620.011666666667,616.19,"A052","e",3,"20170609","Ambient","No Heterotrophy","AN","22",3.557,28.7809829499472,1.00620209134628,2.24339373714641
"217","A052f","Colony",520.837738095238,"A052f Colony",446.64,505.268333333333,"A052","f",4,"20170609","Ambient","No Heterotrophy","AN","22",3.69,21.6466400559648,0.883965945487711,1.81298099931447
"218","A058a","Colony",579.080833333333,"A058a Colony",660.811666666667,675.218333333333,"A058","a",2,"20170609","Ambient","No Heterotrophy","AN","22",2.578,30.4599262033113,0.978663691497318,2.47244318549274
"219","A058b","Colony",553.6425,"A058b Colony",625.71,530.6,"A058","b",7,"20170609","Ambient","No Heterotrophy","AN","22",6.942,29.0154726142957,1.17924990576706,1.91127624073571
"220","A058c","Colony",459.54875,"A058c Colony",601.598333333333,472.274166666667,"A058","c",2,"20170609","Ambient","No Heterotrophy","AN","22",2.282,28.0232637888701,1.27383281956632,1.68495272463881
"221","A058d","Colony",518.948958333333,"A058d Colony",559.416666666667,556.28,"A058","d",6,"20170609","Ambient","No Heterotrophy","AN","22",8.481,26.287464164712,1.00563864720405,2.01092313065073
"222","A058e","Colony",660.621666666667,"A058e Colony",699.923333333333,668.598333333333,"A058","e",1,"20170609","Ambient","No Heterotrophy","AN","22",1.654,32.0693935777677,1.04685174706289,2.44675539689315
"223","A070a","Colony",696.051527777778,"A070a Colony",600.81,568.226666666667,"A070","a",10,"20170609","Cool","No Heterotrophy","CN","20",10.552,27.9908234229044,1.05734214046038,2.05728014693519
"224","A083a","Colony",655.329880952381,"A083a Colony",586.905,707.613333333333,"A083","a",4,"20170609","Ambient","Heterotrophy","AH","18",4.403,27.4186247479528,0.829414840496693,2.59814649541474
"225","A083b","Colony",686.01380952381,"A083b Colony",728.046666666667,799.911666666667,"A083","b",6,"20170609","Ambient","Heterotrophy","AH","18",6.219,33.2266847729174,0.910158830037483,2.95629454296173
"226","A083c","Colony",600.433666666667,"A083c Colony",867.935,737.64,"A083","c",3,"20170609","Ambient","Heterotrophy","AH","18",2.039,38.9831694168964,1.17663765522477,2.71465988902255
"227","A084a","Colony",517.13125,"A084a Colony",667.516666666667,568.952666666667,"A084","a",3,"20170609","Ambient","Heterotrophy","AH","18",3.03,30.7358407747281,1.17323760968985,2.06009726695381
"228","A084b","Colony",591.552,"A084b Colony",688.428333333333,693.115,"A084","b",4,"20170609","Ambient","Heterotrophy","AH","18",3.391,31.5963677763604,0.993238255315977,2.54188816887199
"229","A084c","Colony",826.5805,"A084c Colony",748.97,902.523333333333,"A084","c",8,"20170609","Ambient","Heterotrophy","AH","18",8.529,34.0876918645323,0.829862201161928,3.35446173347303
"230","A084d","Colony",667.86,"A084d Colony",799.5,590.9775,"A084","d",1,"20170609","Ambient","Heterotrophy","AH","18",1.137,36.1670301633678,1.35284338236227,2.14556090178883
"231","A092a","Colony",464.464,"A092a Colony",391.966666666667,459.581666666667,"A092","a",4,"20170609","Ambient","No Heterotrophy","AN","16",4.174,19.3968012290304,0.852877072990292,1.63570162844541
"232","A092b","Colony",472.589166666667,"A092b Colony",632.245,522.165,"A092","b",1,"20170609","Ambient","No Heterotrophy","AN","16",0.905,29.2843915888235,1.21081458925818,1.87854565208956
"233","A110a","Colony",592.108571428571,"A110a Colony",804.755,654.845,"A110","a",6,"20170609","Ambient","Heterotrophy","AH","14",5.139,36.3832764083783,1.22892440195772,2.3933879166505
"234","A110b","Colony",748.223303571429,"A110b Colony",644.465,845.468333333333,"A110","b",8,"20170609","Ambient","Heterotrophy","AH","14",7.4,29.787251553434,0.762257999018296,3.13306947085225
"235","A110c","Colony",854.56119047619,"A110c Colony",799.297671666667,1115.84636666667,"A110","c",10,"20170609","Ambient","Heterotrophy","AH","14",14.662,36.158704237137,0.716315162681744,4.1822256282902
"236","A113a","Colony",770.266428571429,"A113a Colony",829.301666666667,895.686666666667,"A113","a",2,"20170609","Ambient","Heterotrophy","AH","14",2.313,37.3933857317257,0.925883679560561,3.32793320657587
"237","A113c","Colony",729.058333333333,"A113c Colony",918.725,820.31,"A113","c",1,"20170609","Ambient","Heterotrophy","AH","14",1.41,41.0732068639151,1.11997293706038,3.03544682006907
"238","A113d","Colony",510.229166666667,"A113d Colony",781.91,673.946666666667,"A113","d",1,"20170609","Ambient","Heterotrophy","AH","14",2.418,35.4431916382042,1.16019566335615,2.46750869840777
"239","A113e","Colony",763.1495,"A113e Colony",735.531666666667,826.595,"A113","e",7,"20170609","Ambient","Heterotrophy","AH","14",4.549,33.5346967888839,0.889833191183913,3.05983469791626
"241","A126a","Colony",638.944305555556,"A126a Colony",600.226666666667,574.021666666667,"A126","a",10,"20170609","Cool","No Heterotrophy","CN","13",9.266,27.9668189237754,1.04565158690293,2.07976666278634
"242","A139a","Colony",590.556428571429,"A139a Colony",647.442403333333,707.969225,"A139","a",7,"20170609","Cool","Heterotrophy","CH","17",6.859,29.9097733975282,0.91450642269561,2.59952747274068
"243","A139b","Colony",493.601666666667,"A139b Colony",683.42512,597.16007,"A139","b",3,"20170609","Cool","Heterotrophy","CH","17",3.875,31.3904826961853,1.14445883831449,2.16955131737224
"244","A139c","Colony",801.786666666667,"A139c Colony",522.162701666667,592.548645,"A139","c",4,"20170609","Cool","Heterotrophy","CH","17",5.328,24.7544422726088,0.881214911337223,2.15165746381592
"245","A140a","Colony",822.558819444444,"A140a Colony",746.876666666667,807.663333333333,"A140","a",6,"20170609","Cool","Heterotrophy","CH","17",5.621,34.0015500048009,0.924737617571678,2.9863735723617
"246","A140b","Colony",693.013333333333,"A140b Colony",790.81,753.998333333333,"A140","b",6,"20170609","Cool","Heterotrophy","CH","17",4.945,35.8094317106292,1.04882194699811,2.77813563048905
"247","A163a","Colony",825.06625,"A163a Colony",689.10289,845.305135,"A163","a",7,"20170609","Cool","Heterotrophy","CH","19",8.732,31.6241261676474,0.815212000338789,3.13243620736487
"248","A180a","Colony",777.479375,"A180a Colony",796.58,833.893333333333,"A180","a",5,"20170609","Ambient","Heterotrophy","AH","21",4.059,36.0468704991564,0.955254069265453,3.08815464410901
"249","A180c","Colony",914.81,"A180c Colony",831.068333333333,1021.26833333333,"A180","c",5,"20170609","Ambient","Heterotrophy","AH","21",3.521,37.4660850719449,0.813760993274703,3.81523159106489
"250","A283a","Colony",573.887777777778,"A283a Colony",548.376666666667,610.111666666667,"A283","a",10,"20170610","Ambient","No Heterotrophy","AN","16",7.759,25.8331618726253,0.898813605159711,2.21980779429074
"251","A283b","Colony",495.714583333333,"A283b Colony",484.125,582.893333333333,"A283","b",3,"20170610","Ambient","No Heterotrophy","AN","16",3.5,23.189169169993,0.830555047235629,2.11419166246298
"252","A283c","Colony",571.49875,"A283c Colony",553.798333333333,596.019166666667,"A283","c",2,"20170610","Ambient","No Heterotrophy","AN","16",2.081,26.0562665459583,0.929161953684375,2.16512423525151
"253","A283d","Colony",507.7875,"A283d Colony",449.330833333333,532.940833333333,"A283","d",3,"20170610","Ambient","No Heterotrophy","AN","16",4.305,21.7573693812326,0.843115793028932,1.9203594479583
"254","A307a","Colony",610.043777777778,"A307a Colony",575.533333333333,646.816666666667,"A307","a",5,"20170610","Cool","No Heterotrophy","CN","20",7.519,26.9506741835041,0.889793604576258,2.36223532911671
"255","A307b","Colony",539.491944444444,"A307b Colony",748.368333333333,694.393333333333,"A307","b",4,"20170610","Cool","No Heterotrophy","CN","20",4.3,34.0629329382879,1.07772972090746,2.54684852482765
"256","A307c","Colony",702.971777777778,"A307c Colony",793.048333333333,707.973333333333,"A307","c",4,"20170610","Cool","No Heterotrophy","CN","20",3.812,35.9015404030013,1.12016695544088,2.59954341443224
"257","A307d","Colony",722.7575,"A307d Colony",669.605,714.51,"A307","d",6,"20170610","Cool","No Heterotrophy","CN","20",7.25,30.8217768816098,0.937152734041511,2.62490784214815
"258","A319a","Colony",486.64,"A319a Colony",537.963333333333,516.008333333333,"A319","a",6,"20170610","Ambient","No Heterotrophy","AN","22",7.484,25.4046472710314,1.04254776247154,1.85465575000323
"259","A319b","Colony",364.890333333333,"A319b Colony",510.0975,472.99,"A319","b",3,"20170610","Ambient","No Heterotrophy","AN","22",2.383,24.25795234764,1.07845303283367,1.68773039462962
"260","A319c","Colony",535.816875,"A319c Colony",544.933333333333,623.615,"A319","c",6,"20170610","Ambient","No Heterotrophy","AN","22",4.029,25.6914667434811,0.873829740037256,2.27220519188235
"261","A333a","Colony",726.772142857143,"A333a Colony",621.791666666667,846.003333333333,"A333","a",15,"20170610","Cool","Heterotrophy","CH","24",11.726,28.8542309644322,0.73497543350893,3.13514544772548
"262","A333b","Colony",632.48,"A333b Colony",720.033333333333,679.946666666667,"A333","b",3,"20170610","Cool","Heterotrophy","CH","24",2.873,32.8969315391685,1.05895560436113,2.49079068203278
"263","A336a","Colony",835.487555555555,"A336a Colony",593.041251666667,839.788785,"A336","a",6,"20170610","Cool","Heterotrophy","CH","24",6.887,27.6711350013031,0.706179056280999,3.11103094563657
"264","A336b","Colony",594.5025,"A336b Colony",670.7228775,632.7433225,"A336","b",1,"20170610","Cool","Heterotrophy","CH","24",0.549,30.8677781778528,1.0600236362036,2.30762610104381
"265","A336c","Colony",692.09,"A336c Colony",555.898496666667,704.072415,"A336","c",5,"20170610","Cool","Heterotrophy","CH","24",7.838,26.1426894640824,0.7895473318134,2.58440656163905
"266","A336d","Colony",657.355833333333,"A336d Colony",822.8118775,671.812475,"A336","d",1,"20170610","Cool","Heterotrophy","CH","24",1.267,37.1263272087568,1.22476421340643,2.45922732916845
"267","A336e","Colony",685.8825,"A336e Colony",801.5905675,763.9854,"A336","e",1,"20170610","Cool","Heterotrophy","CH","24",1.785,36.2530582074812,1.04922236406612,2.81688875092158
"268","A348a","Colony",601.365,"A348a Colony",598.13435,612.6614175,"A348","a",2,"20170610","Cool","No Heterotrophy","CN","23",1.921,27.8807189004568,0.976288587652086,2.22970167048233
"269","A348b","Colony",466.716666666667,"A348b Colony",744.08088875,586.2876075,"A348","b",2,"20170610","Cool","No Heterotrophy","CN","23",1.895,33.8865021501173,1.26913971783038,2.12736256839083
"270","A349a","Colony",475.139166666667,"A349a Colony",501.132115,534.858179166667,"A349","a",3,"20170610","Cool","No Heterotrophy","CN","23",4.468,23.8890216451998,0.936943912460657,1.92779938367416
"271","A349b","Colony",542.400416666667,"A349b Colony",576.649843333333,618.166738333333,"A349","b",2,"20170610","Cool","No Heterotrophy","CN","23",2.513,26.9966192063427,0.93283867858705,2.25106413539767
"272","A349c","Colony",647.9825,"A349c Colony",569.865036666667,552.982165,"A349","c",2,"20170610","Cool","No Heterotrophy","CN","23",2.709,26.7174205451079,1.03053058983677,1.99812644057274
"273","A349d","Colony",546.442333333333,"A349d Colony",507.99718,557.032315,"A349","d",2,"20170610","Cool","No Heterotrophy","CN","23",2.46,24.1715229825933,0.911970753438246,2.01384236156921
"274","A357a","Colony",741.178839285714,"A357a Colony",848.166666666667,879.533333333333,"A357","a",4,"20170610","Ambient","Heterotrophy","AH","21",3.042,38.1696912335569,0.964337148487835,3.26525293288322
"275","A361a","Colony",571.57630952381,"A361a Colony",822.353333333333,698.896666666667,"A361","a",5,"20170610","Ambient","Heterotrophy","AH","21",5.234,37.107457854958,1.17664509297989,2.56432294698175
"276","A361b","Colony",585.9335,"A361b Colony",869.108333333333,722.05,"A361","b",3,"20170610","Ambient","Heterotrophy","AH","21",2.123,39.0314527522873,1.20366779770561,2.65416553490357
"277","A368a","Colony",691.601944444444,"A368a Colony",703.553333333333,805.471666666667,"A368","a",10,"20170610","Cool","Heterotrophy","CH","19",11.239,32.2187701466332,0.873467512823749,2.9778691811209
"278","A368b","Colony",674.862222222222,"A368b Colony",705.945,652.168333333333,"A368","b",4,"20170610","Cool","Heterotrophy","CH","19",4.795,32.317188593062,1.08245826103179,2.38300156506668
"279","A395a","Colony",563.531111111111,"A395a Colony",605.698333333333,591.47,"A395","a",8,"20170610","Ambient","No Heterotrophy","AN","15",8.859,28.1919811256053,1.02405588336405,2.14747196461139
"280","A395b","Colony",581.555,"A395b Colony",620.161666666667,632.423333333333,"A395","b",1,"20170610","Ambient","No Heterotrophy","AN","15",1.861,28.7871555354375,0.980611615637205,2.30638443728739
"281","A395c","Colony",586.735375,"A395c Colony",560.298333333333,606.31,"A395","c",8,"20170610","Ambient","No Heterotrophy","AN","15",8.865,26.3237452505384,0.924111977921086,2.20505607077723
"282","A401a","Colony",660.8525,"A401a Colony",491.06,693.4575,"A401","a",2,"20170610","Ambient","No Heterotrophy","AN","15",1.926,23.474548372495,0.708132798332991,2.54321718210392
"283","A401b","Colony",559.11,"A401b Colony",525.346666666667,560.898333333333,"A401","b",3,"20170610","Ambient","No Heterotrophy","AN","15",3.26,24.8854642470132,0.936616558556363,2.02884379082431
"284","A401c","Colony",460.7725,"A401c Colony",676.2325,490.83,"A401","c",1,"20170610","Ambient","No Heterotrophy","AN","15",0.97,31.0945022838566,1.37773261618076,1.75695549260797
"285","A401d","Colony",652.533611111111,"A401d Colony",396.556666666667,691.343333333333,"A401","d",6,"20170610","Ambient","No Heterotrophy","AN","15",6.836,19.5856823450338,0.573603081922634,2.53501351648494
"286","A405a","Colony",431.904285714286,"A405a Colony",550.223333333333,566.708333333333,"A405","a",6,"20170610","Ambient","No Heterotrophy","AN","15",4.207,25.9091532584393,0.970910962429233,2.05138851163452
"287","A405b","Colony",424.436041666667,"A405b Colony",557.005,559.923333333333,"A405","b",4,"20170610","Ambient","No Heterotrophy","AN","15",3.666,26.1882227068845,0.994787976925412,2.02506046848525
"288","A406a","Colony",427.065555555556,"A406a Colony",410.781666666667,543.516666666667,"A406","a",5,"20160610","Ambient","No Heterotrophy","AN","15",NA,20.1710492023648,0.755784857870044,1.96139717770621
"289","A406b","Colony",408.351111111111,"A406b Colony",514.934293333333,493.723231666667,"A406","b",11,"20170610","Ambient","No Heterotrophy","AN","15",NA,24.4569891499664,1.04296144136273,1.76818218798908
"290","A407a","Colony",584.275416666667,"A407a Colony",551.706633333333,621.49895,"A407","a",6,"20170610","Cool","No Heterotrophy","CN","13",NA,25.9701918988245,0.887703242834656,2.2639942183074
"291","A407b","Colony",709.076875,"A407b Colony",564.619045,614.862716666667,"A407","b",10,"20170610","Cool","No Heterotrophy","CN","13",NA,26.5015449981482,0.918284732014569,2.23824343900767
"292","A409a","Colony",439.091428571429,"A409a Colony",563.028333333333,544.175,"A409","a",5,"20170611","Ambient","No Heterotrophy","AN","22",4.18,26.436086306462,1.03464571752347,1.96395172868728
"293","A409b","Colony",432.45125,"A409b Colony",614.9875,565.981666666667,"A409","b",2,"20170611","Ambient","No Heterotrophy","AN","22",1.197,28.5742356281634,1.08658554900188,2.04856880472883
"294","A409c","Colony",518.089,"A409c Colony",692.783333333333,548.188333333333,"A409","c",4,"20170611","Ambient","No Heterotrophy","AN","22",3.143,31.775578508429,1.26376883856825,1.97952478884534
"295","A409d","Colony",499.54,"A409d Colony",630.893333333333,556.698333333333,"A409","d",3,"20170611","Ambient","No Heterotrophy","AN","22",1.893,29.2287697351275,1.13327684952054,2.01254640228681
"296","A409e","Colony",556.829583333333,"A409e Colony",643.973333333333,551.89,"A409","e",6,"20170611","Ambient","No Heterotrophy","AN","22",4.441,29.7670191898825,1.16685088212023,1.99388847929844
"297","A423a","Colony",583.3725,"A423a Colony",705.3975,634.533333333333,"A423","a",2,"20170611","Cool","No Heterotrophy","CN","20",1.635,32.2946586560224,1.11167918680395,2.31457193486218
"298","A423b","Colony",637.595222222222,"A423b Colony",771.673333333333,677.713333333333,"A423","b",4,"20170611","Cool","No Heterotrophy","CN","20",3.082,35.0219469706322,1.13864269061648,2.48212461035014
"299","A424a","Colony",557.408125,"A424a Colony",724.340726666667,620.923708333333,"A424","a",5,"20170611","Cool","No Heterotrophy","CN","20",NA,33.0741832297711,1.16655350237942,2.26176209046344
"300","A424b","Colony",499.767083333333,"A424b Colony",562.413183333333,568.609928333333,"A424","b",3,"20170611","Cool","No Heterotrophy","CN","20",NA,26.4107725333663,0.989101940203254,2.05876732890976
"301","A424c","Colony",434.435,"A424c Colony",554.746703333333,608.052501666667,"A424","c",3,"20170611","Cool","No Heterotrophy","CN","20",NA,26.095292511968,0.912333559705416,2.21181755332221
"302","A449a","Colony",664.430444444444,"A449a Colony",755.406666666667,803.043333333333,"A449","a",3,"20170611","Ambient","Heterotrophy","AH","18",2.917,34.3525643663498,0.940679830478223,2.96844644497045
"303","A449b","Colony",663.8125,"A449b Colony",606.5,693.19,"A449","b",4,"20170611","Ambient","Heterotrophy","AH","18",3.767,28.2249701658368,0.874940492505662,2.5421791936673
"304","A449c","Colony",518.852727272727,"A449c Colony",740.633333333333,610.878333333333,"A449","c",7,"20170611","Ambient","Heterotrophy","AH","18",4.632,33.7446332798376,1.21240727149705,2.2227827144206
"305","A497a","Colony",538.35125,"A497a Colony",602.847723333333,667.379736666667,"A497","a",4,"20170611","Cool","Heterotrophy","CH","17",2.823,28.0746768994417,0.903305405022261,2.44202683895335
"306","A497b","Colony",726.67375,"A497b Colony",685.43579,835.7351675,"A497","b",3,"20170611","Cool","Heterotrophy","CH","17",2.288,31.4732229126373,0.820159084666017,3.09530156959373
"307","A497c","Colony",535.451666666667,"A497c Colony",628.967721666667,631.238921666667,"A497","c",5,"20170611","Cool","Heterotrophy","CH","17",4.612,29.1495297175699,0.996401996261569,2.30178852844929
"308","A535a","Colony",698.988055555556,"A535a Colony",588.655063333333,673.041226666667,"A535","a",11,"20170612","Cool","Heterotrophy","CH","24",12.821,27.4906408515425,0.8746196221125,2.46399529186553
"309","A535b","Colony",616.461111111111,"A535b Colony",590.55971,658.893603333333,"A535","b",5,"20170612","Cool","Heterotrophy","CH","24",6.356,27.5690181474013,0.896289942734862,2.40909783606897
"310","A535c","Colony",352.87,"A535c Colony",649.3280575,474.7359575,"A535","c",1,"20170612","Cool","Heterotrophy","CH","24",1.885,29.9873691411876,1.36776674958311,1.69450528695045
"311","A535d","Colony",653.02,"A535d Colony",509.455166666667,714.726045,"A535","d",6,"20170612","Cool","Heterotrophy","CH","24",11.076,24.2315199648848,0.712797819850915,2.62574616817353
"312","A563a","Colony",587.620833333333,"A563a Colony",677.643333333333,590.270833333333,"A563","a",2,"20170612","Cool","No Heterotrophy","CN","20",2.925,31.1525588796072,1.14802103554159,2.14281880149522
"313","A563b","Colony",499.260833333333,"A563b Colony",543.2,500.381666666667,"A563","b",1,"20170612","Cool","No Heterotrophy","CN","20",0.961,25.6201390889264,1.08557134720497,1.79401911709544
"314","A563c","Colony",572.2775,"A563c Colony",574.85,635.641666666667,"A563","c",8,"20170612","Cool","No Heterotrophy","CN","20",5.907,26.9225546273816,0.904361734205593,2.31887263461514
"315","A630a","Colony",681.805,"A630a Colony",737.304570833333,551.2614375,"A630","a",2,"20170612","Ambient","Heterotrophy","AH","21",1.975,33.607652805783,1.33748621013117,1.99144944899305
