Plug,Spat,Sample,Polyps,Cohort,Temperature,Nutrition,Treatment,Tank,ScanDate,Tissue,MeasureArea,Tissue.Intensity,Tissue.StDev,Symbiont.Intensity,Symbiont.StDev,Notes
A283,a,A283a,10,20170610,Ambient,No Heterotrophy,AN,16,20171106,Connecting,56947.87,604.58,189.28,594.79,297.26,"Average fluroescent values from polyp and connecting, not spat values"
A283,a,A283a,10,20170610,Ambient,No Heterotrophy,AN,16,20171106,Connecting,25092.02,492.53,148.8,609.05,314.85,
A283,a,A283a,10,20170610,Ambient,No Heterotrophy,AN,16,20171106,Connecting,21510.21,641.97,216.83,596.63,359.45,
A283,b,A283b,3,20170610,Ambient,No Heterotrophy,AN,16,20171106,Connecting,59589.42,467.43,103.63,455.19,246.21,
A283,b,A283b,3,20170610,Ambient,No Heterotrophy,AN,16,20171106,Connecting,41903.68,414.64,84.38,394.25,211.05,
A283,b,A283b,3,20170610,Ambient,No Heterotrophy,AN,16,20171106,Connecting,27433.03,457.63,84.91,528.24,274.6,
A283,c,A283c,2,20170610,Ambient,No Heterotrophy,AN,16,20171106,Connecting,19619.38,501.09,87.07,593.64,274.17,
A283,c,A283c,2,20170610,Ambient,No Heterotrophy,AN,16,20171106,Connecting,10249.13,434.35,86.91,485.06,193.58,
A283,c,A283c,2,20170610,Ambient,No Heterotrophy,AN,16,20171106,Connecting,7695.81,513.09,81.36,652.23,225.71,
A283,d,A283d,3,20170610,Ambient,No Heterotrophy,AN,16,20171106,Connecting,51471.4,424.15,96.91,419.32,266.34,
A283,d,A283d,3,20170610,Ambient,No Heterotrophy,AN,16,20171106,Connecting,39047.05,381.91,92.13,400.93,266.17,
A283,d,A283d,3,20170610,Ambient,No Heterotrophy,AN,16,20171106,Connecting,34635.27,415.26,91.87,448.08,260.42,
A333,a,A333a,15,20170610,Cool,Heterotrophy,CH,24,20171106,Connecting,45730.9,863.98,227.3,798.4,317.64,"A few oversaturated pixels, area not measured"
A333,a,A333a,15,20170610,Cool,Heterotrophy,CH,24,20171106,Connecting,63984.66,912.22,214.47,436.45,250.61,"A few oversaturated pixels, area not measured"
A333,a,A333a,15,20170610,Cool,Heterotrophy,CH,24,20171106,Connecting,82944.31,839.49,192.7,502.73,239.51,"A few oversaturated pixels, area not measured"
A333,b,A333b,3,20170610,Cool,Heterotrophy,CH,24,20171106,Connecting,44139.9,554.92,113.94,762.84,278.65,
A333,b,A333b,3,20170610,Cool,Heterotrophy,CH,24,20171106,Connecting,42088.42,525.45,118.81,649.86,296.37,
A333,b,A333b,3,20170610,Cool,Heterotrophy,CH,24,20171106,Connecting,30278.63,597.96,100.69,722.71,269.52,
A368,a,A368a,10,20170610,Cool,Heterotrophy,CH,19,20171106,Connecting,140234.09,608.89,136.99,759.1,286.56,"Some oversaturation (2-3 pixels), area not measured"
A368,a,A368a,10,20170610,Cool,Heterotrophy,CH,19,20171106,Connecting,69066.49,878.18,214.45,780.37,331.35,"Some oversaturation (2-3 pixels), area not measured"
A368,a,A368a,10,20170610,Cool,Heterotrophy,CH,19,20171106,Connecting,47225.4,865.99,192.95,742.7,301.58,"Some oversaturation (2-3 pixels), area not measured"
A368,b,A368b,4,20170610,Cool,Heterotrophy,CH,19,20171106,Connecting,46414.73,600.91,119.78,849.07,398.68,
A368,b,A368b,4,20170610,Cool,Heterotrophy,CH,19,20171106,Connecting,65225.48,554.45,159.62,747.44,332.29,
A368,b,A368b,4,20170610,Cool,Heterotrophy,CH,19,20171106,Connecting,16171.95,390.49,112.59,545.34,246.64,
A563,a,A563a,2,20170612,Cool,No Heterotrophy,CN,20,20171106,Connecting,35465.23,413.6,79.75,854.7,299.83,
A563,a,A563a,2,20170612,Cool,No Heterotrophy,CN,20,20171106,Connecting,46927.6,434.06,100.25,640.98,278.64,
A563,a,A563a,2,20170612,Cool,No Heterotrophy,CN,20,20171106,Connecting,46406.46,472.99,106.87,618.26,269.54,
A563,b,A563b,1,20170612,Cool,No Heterotrophy,CN,20,20171106,Connecting,12311.64,348.17,77.17,438.68,232.33,
A563,b,A563b,1,20170612,Cool,No Heterotrophy,CN,20,20171106,Connecting,11250.05,312.17,69.87,285.44,164.27,
A563,b,A563b,1,20170612,Cool,No Heterotrophy,CN,20,20171106,Connecting,5906.28,368.4,84.29,537.41,241,
A563,c,A563c,8,20170612,Cool,No Heterotrophy,CN,20,20171106,Connecting,60992.92,494.58,102.48,580.29,244.73,
A563,c,A563c,8,20170612,Cool,No Heterotrophy,CN,20,20171106,Connecting,66300.85,504.7,163.99,620.87,307.72,
A563,c,A563c,8,20170612,Cool,No Heterotrophy,CN,20,20171106,Connecting,47343.96,776.34,260.27,528.54,265.64,
A084,a,A084a,3,20170609,Ambient,Heterotrophy,AH,18,20171110,Connecting,81852.39,483.4,106.21,594.98,258.74,
A084,a,A084a,3,20170609,Ambient,Heterotrophy,AH,18,20171110,Connecting,38170.21,435.476,94.67,525.09,253.44,
A084,a,A084a,3,20170609,Ambient,Heterotrophy,AH,18,20171110,Connecting,18140.71,512.17,107.03,667.85,324.92,
A084,b,A084b,4,20170609,Ambient,Heterotrophy,AH,18,20171110,Connecting,52930.38,595.96,118.29,609.78,266.67,
A084,b,A084b,4,20170609,Ambient,Heterotrophy,AH,18,20171110,Connecting,19582.81,530.91,199.21,718.28,330.87,
A084,b,A084b,4,20170609,Ambient,Heterotrophy,AH,18,20171110,Connecting,28301.6,568.16,125.82,585.73,243.25,
A084,c,A084c,8,20170609,Ambient,Heterotrophy,AH,18,20171110,Connecting,28312.63,946.33,217.73,693.22,319.99,
A084,c,A084c,8,20170609,Ambient,Heterotrophy,AH,18,20171110,Connecting,49869.71,669.71,175.05,694.65,290.85,
A084,c,A084c,8,20170609,Ambient,Heterotrophy,AH,18,20171110,Connecting,37585.65,968.54,205.24,566.83,322.49,
A084,d,A084d,1,20170609,Ambient,Heterotrophy,AH,18,20171110,Connecting,9758.32,467.33,108.21,767.42,335.04,
A084,d,A084d,1,20170609,Ambient,Heterotrophy,AH,18,20171110,Connecting,5012.89,513.98,94.48,824.8,294.39,
A126,a,A126a,10,20170609,Cool,No Heterotrophy,CN,13,20171110,Connecting,57019.56,427.88,86.31,588.11,311.91,
A126,a,A126a,10,20170609,Cool,No Heterotrophy,CN,13,20171110,Connecting,58194.2,382.14,83.83,465.99,279.88,
A126,a,A126a,10,20170609,Cool,No Heterotrophy,CN,13,20171110,Connecting,33372.39,443.71,114.09,467.15,204.79,
A140,a,A140a,6,20170609,Cool,Heterotrophy,CH,17,20171110,Connecting,142486.85,796.82,205.04,889.19,351.08,
A140,a,A140a,6,20170609,Cool,Heterotrophy,CH,17,20171110,Connecting,81350.55,669.35,173.72,768.83,316.83,
A140,a,A140a,6,20170609,Cool,Heterotrophy,CH,17,20171110,Connecting,60005.78,584.64,158.71,807.47,325.88,
A140,b,A140b,6,20170609,Cool,Heterotrophy,CH,17,20171110,Connecting,61378.95,667.74,126.33,1076.55,350.34,
A140,b,A140b,6,20170609,Cool,Heterotrophy,CH,17,20171110,Connecting,55125.25,581.98,114.36,741.38,336.57,
A140,b,A140b,6,20170609,Cool,Heterotrophy,CH,17,20171110,Connecting,47173.01,545.83,108.95,798.72,310.12,
A307,a,A307a,5,20170610,Cool,No Heterotrophy,CN,20,20171110,Connecting,162596.32,571.05,178.69,505.47,213.61,
A307,a,A307a,5,20170610,Cool,No Heterotrophy,CN,20,20171110,Connecting,103996.79,469.87,97.72,597.93,229.04,
A307,a,A307a,5,20170610,Cool,No Heterotrophy,CN,20,20171110,Connecting,41713.42,611.61,161.87,597.51,221.04,
A307,b,A307b,4,20170610,Cool,No Heterotrophy,CN,20,20171110,Connecting,68355.09,493.72,122.2,676.05,305.77,
A307,b,A307b,4,20170610,Cool,No Heterotrophy,CN,20,20171110,Connecting,67563.72,463.77,87.12,717.87,288.54,
A307,b,A307b,4,20170610,Cool,No Heterotrophy,CN,20,20171110,Connecting,21535.02,585.05,139.98,785.58,369.71,
A307,c,A307c,4,20170610,Cool,No Heterotrophy,CN,20,20171110,Connecting,85715.46,562.87,108.44,846.39,401.89,
A307,c,A307c,4,20170610,Cool,No Heterotrophy,CN,20,20171110,Connecting,25941.29,553.64,99.69,862.66,353.9,
A307,c,A307c,4,20170610,Cool,No Heterotrophy,CN,20,20171110,Connecting,32294.26,545.25,119.48,713.07,342.52,
A307,d,A307d,6,20170610,Cool,No Heterotrophy,CN,20,20171110,Connecting,139456.51,554.91,109.77,571.32,276.99,"1 oversaturated pixel, area not included"
A307,d,A307d,6,20170610,Cool,No Heterotrophy,CN,20,20171110,Connecting,110603.44,587.47,131.09,685.61,338.85,"1 oversaturated pixel, area not included"
A307,d,A307d,6,20170610,Cool,No Heterotrophy,CN,20,20171110,Connecting,58500.26,542.51,110.65,630.7,306.62,"1 oversaturated pixel, area not included"
A423,a,A423a,2,20170611,Cool,No Heterotrophy,CN,20,20171110,Connecting,57904.67,555.89,143.97,769.57,307.37,
A423,a,A423a,2,20170611,Cool,No Heterotrophy,CN,20,20171110,Connecting,35804.39,516.12,112.01,772.92,307.52,
A423,a,A423a,2,20170611,Cool,No Heterotrophy,CN,20,20171110,Connecting,13673.77,457.89,84.28,711.86,252.88,
A423,b,A423b,4,20170611,Cool,No Heterotrophy,CN,20,20171110,Connecting,57209.82,513.41,128.48,750.01,358.38,
A423,b,A423b,4,20170611,Cool,No Heterotrophy,CN,20,20171110,Connecting,62178.59,567.35,120.51,770.8,347.78,
A423,b,A423b,4,20170611,Cool,No Heterotrophy,CN,20,20171110,Connecting,61571.97,597.32,120.5,813.86,367.08,
A045,a,A045a,11,20170609,Cool,Heterotrophy,CH,24,20171119,Connecting,82439.71,1032.14,317.96,781.98,337.67,
A045,a,A045a,11,20170609,Cool,Heterotrophy,CH,24,20171119,Connecting,84562.88,958.19,372.17,624.29,285.64,
A045,a,A045a,11,20170609,Cool,Heterotrophy,CH,24,20171119,Connecting,77129.02,926.8,314.2,721.26,275.8,
A052,a,A052a,2,20170609,Ambient,No Heterotrophy,AN,22,20171119,Connecting,11376.89,465.49,103.01,549.62,206.06,
A052,a,A052a,2,20170609,Ambient,No Heterotrophy,AN,22,20171119,Connecting,12377.81,496.11,111.88,584.27,243.52,
A052,a,A052a,2,20170609,Ambient,No Heterotrophy,AN,22,20171119,Connecting,26305.27,404.71,109.88,435.14,191.41,
A052,b,A052b,2,20170609,Ambient,No Heterotrophy,AN,22,20171119,Connecting,13116.79,346.71,116.87,371.85,209.33,
A052,b,A052b,2,20170609,Ambient,No Heterotrophy,AN,22,20171119,Connecting,26785.05,419.3,95.45,527.85,218.98,
A052,b,A052b,2,20170609,Ambient,No Heterotrophy,AN,22,20171119,Connecting,20252.85,300.89,80.92,348.59,116.33,
A052,c,A052c,6,20170609,Ambient,No Heterotrophy,AN,22,20171119,Connecting,100685.2,479.91,144.66,269.84,155.96,
A052,c,A052c,6,20170609,Ambient,No Heterotrophy,AN,22,20171119,Connecting,29509.32,480.49,104.71,514.07,264.41,
A052,c,A052c,6,20170609,Ambient,No Heterotrophy,AN,22,20171119,Connecting,13466.97,393.86,103.56,465.51,245.1,
A052,d,A052d,4,20170609,Ambient,No Heterotrophy,AN,22,20171119,Connecting,28828.25,454.06,83.77,520.99,248.93,
A052,d,A052d,4,20170609,Ambient,No Heterotrophy,AN,22,20171119,Connecting,40205.14,444.9,122.58,426.07,189.79,
A052,d,A052d,4,20170609,Ambient,No Heterotrophy,AN,22,20171119,Connecting,20793.29,485.27,105.55,497.88,237.68,
A052,e,A052e,3,20170609,Ambient,No Heterotrophy,AN,22,20171119,Connecting,37320.94,477,174.68,651.12,295.19,
A052,e,A052e,3,20170609,Ambient,No Heterotrophy,AN,22,20171119,Connecting,28773.11,519.15,107.53,681.88,269.71,
A052,e,A052e,3,20170609,Ambient,No Heterotrophy,AN,22,20171119,Connecting,27410.97,554.94,120.86,655.86,298.3,
A052,f,A052f,4,20170609,Ambient,No Heterotrophy,AN,22,20171119,Connecting,28764.84,415.95,91.36,525.83,305.81,
A052,f,A052f,4,20170609,Ambient,No Heterotrophy,AN,22,20171119,Connecting,20605.79,323.95,64.61,376.55,171.68,
A052,f,A052f,4,20170609,Ambient,No Heterotrophy,AN,22,20171119,Connecting,22751.02,387.48,98.78,463.95,262.13,
A070,a,A070a,10,20170609,Cool,No Heterotrophy,CN,20,20171119,Connecting,61946.97,434.49,101.37,668.27,275.78,
A070,a,A070a,10,20170609,Cool,No Heterotrophy,CN,20,20171119,Connecting,98515.15,448.81,124.88,615.66,332.46,
A070,a,A070a,10,20170609,Cool,No Heterotrophy,CN,20,20171119,Connecting,34172.03,455.38,95.32,592.59,295.88,
A092,a,A092a,4,20170609,Ambient,No Heterotrophy,AN,16,20171119,Connecting,45932.19,348.46,87.69,346.79,162,
A092,a,A092a,4,20170609,Ambient,No Heterotrophy,AN,16,20171119,Connecting,55332.05,357,84,341.36,168.93,
A092,a,A092a,4,20170609,Ambient,No Heterotrophy,AN,16,20171119,Connecting,35161.92,353.63,80.44,430.58,213.91,
A092,b,A092b,1,20170609,Ambient,No Heterotrophy,AN,16,20171119,Connecting,12220.64,346.78,87.32,613.61,253.03,
A119,a,A119a,11,20170609,Cool,No Heterotrophy,CN,13,20171119,Connecting,176328,374.17877,94.8299,361.7221,181.9694,
A119,a,A119a,11,20170609,Cool,No Heterotrophy,CN,13,20171119,Connecting,90347.83,492.12339,124.96687,469.04743,250.55836,
A119,a,A119a,11,20170609,Cool,No Heterotrophy,CN,13,20171119,Connecting,40257.53,503.59699,115.67955,435.76027,257.1,
A139,a,A139a,7,20170609,Cool,Heterotrophy,CH,17,20171119,Connecting,73125.33,595.94706,163.4896,810.32477,267.68301,
A139,a,A139a,7,20170609,Cool,Heterotrophy,CH,17,20171119,Connecting,71702.53,690.76319,261.19531,680.57087,250.65158,
A139,a,A139a,7,20170609,Cool,Heterotrophy,CH,17,20171119,Connecting,94525.24,533.53645,157.99011,484.62863,230.89301,
A139,b,A139b,3,20170609,Cool,Heterotrophy,CH,17,20171119,Connecting,44843.03,466.93175,98.4643,800.8689,317.46465,
A139,b,A139b,3,20170609,Cool,Heterotrophy,CH,17,20171119,Connecting,54264.95,493.73064,153.52196,706.58191,314.94951,
A139,b,A139b,3,20170609,Cool,Heterotrophy,CH,17,20171119,Connecting,75827.55,550.83665,159.95702,726.91309,288.03767,
A139,c,A139c,4,20170609,Cool,Heterotrophy,CH,17,20171119,Connecting,32831.95,604.8899,243.59066,579.46964,270.44166,
A139,c,A139c,4,20170609,Cool,Heterotrophy,CH,17,20171119,Connecting,15410.91,686.58043,291.17331,545.18089,261.29256,
A139,c,A139c,4,20170609,Cool,Heterotrophy,CH,17,20171119,Connecting,29183.95,601.34429,198.00858,627.18878,253.23963,
A319,a,A319a,6,20170610,Ambient,No Heterotrophy,AN,22,20171119,Connecting,62898.26,368.84,98.67,506.64,230.28,
A319,a,A319a,6,20170610,Ambient,No Heterotrophy,AN,22,20171119,Connecting,33653.64,543.65,115.73,719.57,302.34,
A319,a,A319a,6,20170610,Ambient,No Heterotrophy,AN,22,20171119,Connecting,49593.97,413.34,103.74,468.04,239.99,
A319,b,A319b,3,20170610,Ambient,No Heterotrophy,AN,22,20171119,Connecting,9962.36,310.99,57.88,501.61,196.51,
A319,b,A319b,3,20170610,Ambient,No Heterotrophy,AN,22,20171119,Connecting,49698.75,378.87,95.21,429.59,175.38,
A319,b,A319b,3,20170610,Ambient,No Heterotrophy,AN,22,20171119,Connecting,27069.06,394.4,109.39,454.29,179.65,
A319,c,A319c,6,20170610,Ambient,No Heterotrophy,AN,22,20171119,Connecting,28883.4,709.98,263.06,548.6,245.72,
A319,c,A319c,6,20170610,Ambient,No Heterotrophy,AN,22,20171119,Connecting,20244.58,620.67,197.93,682.39,255.7,
A319,c,A319c,6,20170610,Ambient,No Heterotrophy,AN,22,20171119,Connecting,19359.46,706.45,198.82,621.96,225.45,
A361,a,A361a,5,20170610,Ambient,Heterotrophy,AH,21,20171119,Connecting,94414.95,547.56,212.78,872.09,306.83,
A361,a,A361a,5,20170610,Ambient,Heterotrophy,AH,21,20171119,Connecting,79541.72,684.6,284.81,628.46,199.12,
A361,a,A361a,5,20170610,Ambient,Heterotrophy,AH,21,20171119,Connecting,27841.12,652.07,206.44,846.73,271.77,
A361,b,A361b,3,20170610,Ambient,Heterotrophy,AH,21,20171119,Connecting,52039.76,660.99,223.66,970.61,289.67,
A361,b,A361b,3,20170610,Ambient,Heterotrophy,AH,21,20171119,Connecting,26713.36,988.13,299.47,1104.91,308.69,
A361,b,A361b,3,20170610,Ambient,Heterotrophy,AH,21,20171119,Connecting,40227.2,504.84,168.31,926.48,272.24,
A405,a,A405a,6,20170610,Ambient,No Heterotrophy,AN,15,20171119,Connecting,27763.91,498.43,145.41,581.98,237.57,
A405,a,A405a,6,20170610,Ambient,No Heterotrophy,AN,15,20171119,Connecting,33342.06,570.94,157.42,558,207.44,
A405,a,A405a,6,20170610,Ambient,No Heterotrophy,AN,15,20171119,Connecting,24187.61,354.07,78.53,448.57,194.01,
A405,b,A405b,4,20170610,Ambient,No Heterotrophy,AN,15,20171119,Connecting,72808.23,454.67,152.85,617.06,242.88,
A405,b,A405b,4,20170610,Ambient,No Heterotrophy,AN,15,20171119,Connecting,62779.69,523.17,130.83,546.4,252.61,
A405,b,A405b,4,20170610,Ambient,No Heterotrophy,AN,15,20171119,Connecting,20170.13,361.07,75.57,592.89,260.52,
A406,a,A406a,5,20170610,Ambient,No Heterotrophy,AN,22,20171119,Connecting,75764.13,496.82,122.86,473.84,247.9,
A406,a,A406a,5,20170610,Ambient,No Heterotrophy,AN,22,20171119,Connecting,142313.14,367.31,91.68,358.62,177.15,
A406,a,A406a,5,20170610,Ambient,No Heterotrophy,AN,22,20171119,Connecting,83228.32,504.98,116.11,449.61,253.6,
A406,b,A406b,11,20170610,Ambient,No Heterotrophy,AN,22,20171119,Connecting,99221.03,528.82576,152.325,585.26692,276.80707,
A406,b,A406b,11,20170610,Ambient,No Heterotrophy,AN,22,20171119,Connecting,66176.77,508.70171,151.55657,553.94554,250.02233,
A406,b,A406b,11,20170610,Ambient,No Heterotrophy,AN,22,20171119,Connecting,69684.14,372.81157,125.6608,471.86467,232.63257,
A497,a,A497a,4,20170611,Cool,Heterotrophy,CH,17,20171119,Connecting,58456.15,624.54448,192.57243,655.77448,349.71297,
A497,a,A497a,4,20170611,Cool,Heterotrophy,CH,17,20171119,Connecting,33667.43,540.91073,118.57618,632.69574,225.73249,
A497,a,A497a,4,20170611,Cool,Heterotrophy,CH,17,20171119,Connecting,44859.58,619.487,168.01819,539.24765,202.4035,
A497,b,A497b,3,20170611,Cool,Heterotrophy,CH,17,20171119,Connecting,100696.22,768.9934,198.68698,693.53547,223.17899,
A497,b,A497b,3,20170611,Cool,Heterotrophy,CH,17,20171119,Connecting,69485.61,632.0454,194.58986,755.79171,274.1265,
A497,b,A497b,3,20170611,Cool,Heterotrophy,CH,17,20171119,Connecting,67955.27,762.22118,238.25986,642.32733,212.24689,
A497,c,A497c,5,20170611,Cool,Heterotrophy,CH,17,20171119,Connecting,76530.67,652.01005,172.77507,623.98652,220.86265,
A497,c,A497c,5,20170611,Cool,Heterotrophy,CH,17,20171119,Connecting,41095.77,515.06931,140.46715,581.3236,226.99127,
A497,c,A497c,5,20170611,Cool,Heterotrophy,CH,17,20171119,Connecting,47048.92,580.06371,141.84778,645.76341,204.45002,
A535,a,A535a,11,20170612,Cool,Heterotrophy,CH,24,20171119,Connecting,179711.29,560.07735,147.49414,502.69573,233.71138,
A535,a,A535a,11,20170612,Cool,Heterotrophy,CH,24,20171119,Connecting,118048.32,670.89155,233.86367,479.15963,216.32353,
A535,a,A535a,11,20170612,Cool,Heterotrophy,CH,24,20171119,Connecting,54485.54,687.75901,165.79488,540.33613,232.45613,
A535,b,A535b,5,20170612,Cool,Heterotrophy,CH,24,20171119,Connecting,125967.48,391.90881,123.48049,391.29332,201.81428,
A535,b,A535b,5,20170612,Cool,Heterotrophy,CH,24,20171119,Connecting,47150.95,546.92,111.11753,525.61608,273.24162,
A535,b,A535b,5,20170612,Cool,Heterotrophy,CH,24,20171119,Connecting,45132.56,647.70442,150.70602,799.98998,283.98668,
A535,c,A535c,1,20170612,Cool,Heterotrophy,CH,24,20171119,Connecting,31544.26,388.31923,115.09076,577.9764,227.90781,
A535,c,A535c,1,20170612,Cool,Heterotrophy,CH,24,20171119,Connecting,13588.3,523.63474,156.90827,734.78713,323.7564,
A535,d,A535d,6,20170612,Cool,Heterotrophy,CH,24,20171119,Connecting,330654.98,563.75614,159.4904,437.26496,266.25937,
A535,d,A535d,6,20170612,Cool,Heterotrophy,CH,24,20171119,Connecting,311579.53,612.46208,198.92848,452.31857,245.25655,
A535,d,A535d,6,20170612,Cool,Heterotrophy,CH,24,20171119,Connecting,69265.02,587.59506,156.87991,570.95008,286.29991,
A058,a,A058a,2,20170609,Ambient,No Heterotrophy,AN,22,20171129,Connecting,22232.64,525.66,105.16,637.35,232.68,
A058,a,A058a,2,20170609,Ambient,No Heterotrophy,AN,22,20171129,Connecting,9750.04,568.41,139.34,636.47,223.71,
A058,a,A058a,2,20170609,Ambient,No Heterotrophy,AN,22,20171129,Connecting,27590.2,482.69,111.7,587.87,253.23,
A058,b,A058b,7,20170609,Ambient,No Heterotrophy,AN,22,20171129,Connecting,72248.49,411.84,81.12,608.49,229.14,
A058,b,A058b,7,20170609,Ambient,No Heterotrophy,AN,22,20171129,Connecting,84664.9,466.74,108.37,606.59,282.68,
A058,b,A058b,7,20170609,Ambient,No Heterotrophy,AN,22,20171129,Connecting,30099.4,320.04,79.84,430.12,173.34,
A058,c,A058c,2,20170609,Ambient,No Heterotrophy,AN,22,20171129,Connecting,32423.86,334.16,77.43,590.99,248.83,
A058,c,A058c,2,20170609,Ambient,No Heterotrophy,AN,22,20171129,Connecting,27579.17,355.79,84.64,600.81,275.95,
A058,c,A058c,2,20170609,Ambient,No Heterotrophy,AN,22,20171129,Connecting,16218.82,400.77,95.58,753.96,321.28,
A058,d,A058d,6,20170609,Ambient,No Heterotrophy,AN,22,20171129,Connecting,100288.13,445.72,84.03,599.83,305.02,
A058,d,A058d,6,20170609,Ambient,No Heterotrophy,AN,22,20171129,Connecting,86490.28,584.74,151.84,480.96,247.69,
A058,d,A058d,6,20170609,Ambient,No Heterotrophy,AN,22,20171129,Connecting,69758.59,398.24,80.7,613.44,270.4,
A058,e,A058e,1,20170609,Ambient,No Heterotrophy,AN,22,20171129,Connecting,33557.14,472.43,129.75,675.45,331.07,
A058,e,A058e,1,20170609,Ambient,No Heterotrophy,AN,22,20171129,Connecting,34585.63,543.59,132.63,606.45,259.89,
A058,e,A058e,1,20170609,Ambient,No Heterotrophy,AN,22,20171129,Connecting,23619.59,433.42,101.89,592.85,225.88,
A163,a,A163a,8,20170609,Cool,Heterotrophy,CH,19,20171129,Connecting,125294.68,957.94089,271.33736,702.4897,323.79024,
A163,a,A163a,8,20170609,Cool,Heterotrophy,CH,19,20171129,Connecting,99609.82,647.15513,199.03032,703.41212,317.00125,
A163,a,A163a,8,20170609,Cool,Heterotrophy,CH,19,20171129,Connecting,72918.53,770.21698,245.59563,741.29779,373.54661,
A395,a,A395a,8,20170610,Ambient,No Heterotrophy,AN,15,20171129,Connecting,62608.74,397.97,80.16,627.14,290.22,
A395,a,A395a,8,20170610,Ambient,No Heterotrophy,AN,15,20171129,Connecting,53741.05,450.05,96.27,671.21,289.02,
A395,a,A395a,8,20170610,Ambient,No Heterotrophy,AN,15,20171129,Connecting,54628.92,696.68,173.74,612.8,238.51,
A395,b,A395b,1,20170610,Ambient,No Heterotrophy,AN,15,20171129,Connecting,21637.05,472.03,146.94,470.29,234.89,
A395,b,A395b,1,20170610,Ambient,No Heterotrophy,AN,15,20171129,Connecting,18016.63,533.92,165.53,557.58,238.51,
A395,b,A395b,1,20170610,Ambient,No Heterotrophy,AN,15,20171129,Connecting,11936.63,342.18,83.62,691.23,439.59,
A395,c,A395c,8,20170610,Ambient,No Heterotrophy,AN,15,20171129,Connecting,116760.64,487.44,158.99,587.71,269.29,
A395,c,A395c,8,20170610,Ambient,No Heterotrophy,AN,15,20171129,Connecting,90863.46,572.4,168.15,647.99,310.16,
A395,c,A395c,8,20170610,Ambient,No Heterotrophy,AN,15,20171129,Connecting,34982.69,427.88,86.88,485.18,211.94,
A401,a,A401a,2,20170610,Ambient,No Heterotrophy,AN,15,20171129,Connecting,27590.2,483.36,141.34,520.21,282.79,
A401,a,A401a,2,20170610,Ambient,No Heterotrophy,AN,15,20171129,Connecting,21945.87,578.48,121.99,402.76,220.37,
A401,a,A401a,2,20170610,Ambient,No Heterotrophy,AN,15,20171129,Connecting,23365.91,765.4,236.12,451.66,234.21,
A401,b,A401b,3,20170610,Ambient,No Heterotrophy,AN,15,20171129,Connecting,36929.39,455.23,92.93,453.98,250.32,
A401,b,A401b,3,20170610,Ambient,No Heterotrophy,AN,15,20171129,Connecting,18854.86,363.85,80.81,546.87,243.7,
A401,b,A401b,3,20170610,Ambient,No Heterotrophy,AN,15,20171129,Connecting,19626.93,373.71,74.86,464.87,238.77,
A401,c,A401c,1,20170610,Ambient,No Heterotrophy,AN,15,20171129,Connecting,6292.31,380.17,72.46,583.83,278.712,
A401,c,A401c,1,20170610,Ambient,No Heterotrophy,AN,15,20171129,Connecting,5724.29,444.97,92.32,636.28,291.1,
A401,d,A401d,6,20170610,Ambient,No Heterotrophy,AN,15,20171129,Connecting,72182.31,644.31,150.15,365.41,213.58,
A401,d,A401d,6,20170610,Ambient,No Heterotrophy,AN,15,20171129,Connecting,41630.7,537.8,115.53,369.39,250.6,
A401,d,A401d,6,20170610,Ambient,No Heterotrophy,AN,15,20171129,Connecting,33171.1,449.39,95.4,434.79,219.97,
A407,a,A407a,6,20170610,Cool,No Heterotrophy,CN,13,20171129,Connecting,62958.92,594.20562,143.16211,627.7946,328.89391,"2-3 oversat. pixels on polyp, not included"
A407,a,A407a,6,20170610,Cool,No Heterotrophy,CN,13,20171129,Connecting,57979.12,480.67794,115.90996,469.59295,253.31397,"2-3 oversat. pixels on polyp, not included"
A407,a,A407a,6,20170610,Cool,No Heterotrophy,CN,13,20171129,Connecting,34922.03,508.42361,126.89449,547.60221,283.8276,"2-3 oversat. pixels on polyp, not included"
A407,b,A407b,10,20170610,Cool,No Heterotrophy,CN,13,20171129,Connecting,284973.71,503.267,146.8305,499.14183,325.33832,
A407,b,A407b,10,20170610,Cool,No Heterotrophy,CN,13,20171129,Connecting,62884.47,518.8778,134.73972,596.34973,373.26369,
A407,b,A407b,10,20170610,Cool,No Heterotrophy,CN,13,20171129,Connecting,95333.15,706.86209,165.75518,416.08388,233.85387,
A409,a,A409a,5,20170611,Ambient,No Heterotrophy,AN,22,20171129,Connecting,35931.23,435.13,98.3,440.47,251.47,
A409,a,A409a,5,20170611,Ambient,No Heterotrophy,AN,22,20171129,Connecting,29539.65,474.97,121.18,605.49,292.2,
A409,a,A409a,5,20170611,Ambient,No Heterotrophy,AN,22,20171129,Connecting,23172.9,478.27,124.41,624.3,304.9,
A409,b,A409b,2,20170611,Ambient,No Heterotrophy,AN,22,20171129,Connecting,12984.43,450.64,98.28,655.93,251.63,
A409,b,A409b,2,20170611,Ambient,No Heterotrophy,AN,22,20171129,Connecting,10210.52,464.17,81.71,620.48,251.66,
A409,b,A409b,2,20170611,Ambient,No Heterotrophy,AN,22,20171129,Connecting,13676.53,425.99,98.29,535.92,216.88,
A409,c,A409c,4,20170611,Ambient,No Heterotrophy,AN,22,20171129,Connecting,35514.87,445.7,96.46,693.51,363.42,
A409,c,A409c,4,20170611,Ambient,No Heterotrophy,AN,22,20171129,Connecting,43784.2,539.64,137.17,596.71,227.67,
A409,c,A409c,4,20170611,Ambient,No Heterotrophy,AN,22,20171129,Connecting,18300.63,518.34,118.86,831.55,370.83,
A409,d,A409d,3,20170611,Ambient,No Heterotrophy,AN,22,20171129,Connecting,15535,474.07,116.13,642.52,261.97,
A409,d,A409d,3,20170611,Ambient,No Heterotrophy,AN,22,20171129,Connecting,11718.8,460.18,120.62,571.71,225.3,
A409,d,A409d,3,20170611,Ambient,No Heterotrophy,AN,22,20171129,Connecting,34762.1,481.89,127.98,651.07,259.11,
A409,e,A409e,6,20170611,Ambient,No Heterotrophy,AN,22,20171129,Connecting,68258.58,545.37,145.42,572.69,334.74,
A409,e,A409e,6,20170611,Ambient,No Heterotrophy,AN,22,20171129,Connecting,37252.01,512.91,129.27,653.26,273.2,
A409,e,A409e,6,20170611,Ambient,No Heterotrophy,AN,22,20171129,Connecting,17465.15,361.04,86.44,603.59,305.61,
A083,a,A083a,4,20170609,Ambient,Heterotrophy,AH,18,20171212,Connecting,47859.59,528.12,110.37,611.19,245.2,
A083,a,A083a,4,20170609,Ambient,Heterotrophy,AH,18,20171212,Connecting,47451.5,709.42,212.99,576.77,249.57,
A083,a,A083a,4,20170609,Ambient,Heterotrophy,AH,18,20171212,Connecting,40908.27,607.36,144.25,668.63,240.09,
A083,b,A083b,6,20170609,Ambient,Heterotrophy,AH,18,20171212,Connecting,15226.71,739.6,219.99,556.86,247.93,
A083,b,A083b,6,20170609,Ambient,Heterotrophy,AH,18,20171212,Connecting,32600.33,610.65,125.49,878.21,311.13,
A083,b,A083b,6,20170609,Ambient,Heterotrophy,AH,18,20171212,Connecting,45444.14,765.25,212.35,760.26,314.68,
A083,c,A083c,3,20170609,Ambient,Heterotrophy,AH,18,20171212,Connecting,38481.79,731.74,163.87,950.17,337.26,
A083,c,A083c,3,20170609,Ambient,Heterotrophy,AH,18,20171212,Connecting,26691.3,668.24,149,829.54,341.18,
A083,c,A083c,3,20170609,Ambient,Heterotrophy,AH,18,20171212,Connecting,31406.39,665.11,147.88,769.87,357.88,
A110,a,A110a,6,20170609,Ambient,Heterotrophy,AH,14,20171212,Connecting,68702.51,592.58,117.73,855.13,313.54,
A110,a,A110a,6,20170609,Ambient,Heterotrophy,AH,14,20171212,Connecting,46891.75,519.77,99.85,881.34,287.04,
A110,a,A110a,6,20170609,Ambient,Heterotrophy,AH,14,20171212,Connecting,50037.91,544.26,102.77,785.95,291.34,
A110,b,A110b,8,20170609,Ambient,Heterotrophy,AH,14,20171212,Connecting,164771.88,758.41,311.77,616.2,291.1,
A110,b,A110b,8,20170609,Ambient,Heterotrophy,AH,14,20171212,Connecting,94842.34,608.74,199.85,650.25,312.04,
A110,b,A110b,8,20170609,Ambient,Heterotrophy,AH,14,20171212,Connecting,85685.13,787.5,299.23,577.27,282.27,
A110,c,A110c,10,20170609,Ambient,Heterotrophy,AH,14,20171212,Connecting,75088.57,972.40401,280.68784,869.12555,325.78178,
A110,c,A110c,10,20170609,Ambient,Heterotrophy,AH,14,20171212,Connecting,81413.97,1047.22221,363.85273,761.45106,338.78831,
A110,c,A110c,10,20170609,Ambient,Heterotrophy,AH,14,20171212,Connecting,97500.44,1144.91841,315.11404,940.00905,351.80308,
A113,a,A113a,2,20170609,Ambient,Heterotrophy,AH,14,20171212,Connecting,41412.87,650.23,207.43,776.08,337.81,
A113,a,A113a,2,20170609,Ambient,Heterotrophy,AH,14,20171212,Connecting,29123.29,672.28,157.66,928.46,356.03,
A113,a,A113a,2,20170609,Ambient,Heterotrophy,AH,14,20171212,Connecting,23062.6,869.75,245.24,886.9,359.08,
A113,c,A113c,1,20170609,Ambient,Heterotrophy,AH,14,20171212,Connecting,26658.21,571.63,138.26,807.56,355.45,
A113,c,A113c,1,20170609,Ambient,Heterotrophy,AH,14,20171212,Connecting,26663.72,639.76,128.52,1017.02,341.74,
A113,c,A113c,1,20170609,Ambient,Heterotrophy,AH,14,20171212,Connecting,32928.46,706.3,170.19,962.99,320.23,
A113,d,A113d,2,20170609,Ambient,Heterotrophy,AH,14,20171212,Connecting,11696.74,489.08,127.15,628.22,320.69,
A113,d,A113d,2,20170609,Ambient,Heterotrophy,AH,14,20171212,Connecting,10977.07,501.96,136.86,675.54,318.49,
A113,d,A113d,2,20170609,Ambient,Heterotrophy,AH,14,20171212,Connecting,11274.87,522.11,171.38,664.81,343.82,
A113,e,A113e,7,20170609,Ambient,Heterotrophy,AH,14,20171212,Connecting,62048.99,964.09,317.88,566.03,227.35,
A113,e,A113e,7,20170609,Ambient,Heterotrophy,AH,14,20171212,Connecting,41616.91,689.06,215.21,687.78,275.26,
A113,e,A113e,7,20170609,Ambient,Heterotrophy,AH,14,20171212,Connecting,30386.17,721.96,189.46,764.63,307.09,
A180,a,A180a,5,20170609,Ambient,Heterotrophy,AH,21,20171212,Connecting,52494.72,810.71,285.1,886.03,296.74,
A180,a,A180a,5,20170609,Ambient,Heterotrophy,AH,21,20171212,Connecting,77220.02,735.52,267.08,867.29,321.39,
A180,a,A180a,5,20170609,Ambient,Heterotrophy,AH,21,20171212,Connecting,35666.52,778.29,186.84,818.37,336.87,
A180,b,A180b,2,20170609,Ambient,Heterotrophy,AH,21,20171212,Connecting,51783.32,952.92,291.73,842.6,282.58,
A180,b,A180b,2,20170609,Ambient,Heterotrophy,AH,21,20171212,Connecting,50217.14,1024.86,371.82,929.09,262.42,
A180,c,A180c,7,20170609,Ambient,Heterotrophy,AH,21,20171212,Connecting,54027.82,1132.4,383.39,637,242.14,
A180,c,A180c,7,20170609,Ambient,Heterotrophy,AH,21,20171212,Connecting,26608.58,1444.17,702.42,893.9,246.7,
A180,c,A180c,7,20170609,Ambient,Heterotrophy,AH,21,20171212,Connecting,72706.21,852.28,313.2,803.74,286.1,
A336,a,A336a,6,20170610,Cool,Heterotrophy,CH,24,20171212,Connecting,155851.8,676.84404,263.61571,645.99133,285.0066,
A336,a,A336a,6,20170610,Cool,Heterotrophy,CH,24,20171212,Connecting,161156.97,597.44477,235.57163,503.19657,286.38461,
A336,a,A336a,6,20170610,Cool,Heterotrophy,CH,24,20171212,Connecting,72240.21,1165.16905,326.72463,696.70823,329.68961,
A336,b,A336b,1,20170610,Cool,Heterotrophy,CH,24,20171212,Connecting,27959.68,588.67544,127.50971,922.53215,331.90953,
A336,b,A336b,1,20170610,Cool,Heterotrophy,CH,24,20171212,Connecting,23051.57,514.11555,147.14735,697.76866,291.09307,
A336,c,A336c,5,20170610,Cool,Heterotrophy,CH,24,20171212,Connecting,168000.76,534.64483,212.97351,538.24147,296.68132,
A336,c,A336c,5,20170610,Cool,Heterotrophy,CH,24,20171212,Connecting,104749.55,650.15612,185.94653,537.69386,284.82518,
A336,c,A336c,5,20170610,Cool,Heterotrophy,CH,24,20171212,Connecting,40359.56,685.29091,226.9626,416.00082,208.59471,
A336,d,A336d,1,20170610,Cool,Heterotrophy,CH,24,20171212,Connecting,26581,620.60332,117.10949,739.40581,274.97928,
A336,d,A336d,1,20170610,Cool,Heterotrophy,CH,24,20171212,Connecting,55354.11,578.78052,121.09998,799.65554,334.47611,
A336,e,A336e,1,20170610,Cool,Heterotrophy,CH,24,20171212,Connecting,11738.1,742.66479,209.4981,786.50787,261.2375,
A336,e,A336e,1,20170610,Cool,Heterotrophy,CH,24,20171212,Connecting,11117.7,626.43973,155.65533,697.71156,265.82454,
A348,a,A348a,2,20170610,Cool,No Heterotrophy,CN,23,20171212,Connecting,49334.78,585.95059,147.97842,633.66387,261.54038,
A348,a,A348a,2,20170610,Cool,No Heterotrophy,CN,23,20171212,Connecting,45937.71,542.99838,159.48754,576.83061,257.47051,
A348,b,A348b,2,20170610,Cool,No Heterotrophy,CN,23,20171212,Connecting,26048.83,506.5516,96.89347,669.58971,275.46399,
A348,b,A348b,2,20170610,Cool,No Heterotrophy,CN,23,20171212,Connecting,33281.4,461.86114,85.34385,751.715,279.57801,
A348,b,A348b,2,20170610,Cool,No Heterotrophy,CN,23,20171212,Connecting,25535.96,495.90228,99.09792,775.53774,269.43052,
A348,b,A348b,2,20170610,Cool,No Heterotrophy,CN,23,20171212,Connecting,32294.26,493.81404,88.54311,748.28134,286.53481,
A349,a,A349a,3,20170610,Cool,No Heterotrophy,CN,23,20171212,Connecting,74697.03,458.30919,111.93428,509.43688,237.72661,
A349,a,A349a,3,20170610,Cool,No Heterotrophy,CN,23,20171212,Connecting,21841.09,382.45272,91.48035,444.1337,277.51959,
A349,b,A349b,3,20170610,Cool,No Heterotrophy,CN,23,20171212,Connecting,102811.12,491.53964,130.0306,469.99574,224.60313,
A349,b,A349b,3,20170610,Cool,No Heterotrophy,CN,23,20171212,Connecting,53437.74,456.31037,90.01166,595.16961,310.22957,
A349,b,A349b,3,20170610,Cool,No Heterotrophy,CN,23,20171212,Connecting,54700.61,461.37337,96.1024,617.45025,303.43301,
A349,c,A349c,2,20170610,Cool,No Heterotrophy,CN,23,20171212,Connecting,71277.89,409.09524,86.85904,538.32279,265.67342,
A349,c,A349c,2,20170610,Cool,No Heterotrophy,CN,23,20171212,Connecting,43911.04,400.68684,80.10002,532.01808,260.40661,
A349,c,A349c,2,20170610,Cool,No Heterotrophy,CN,23,20171212,Connecting,37125.17,472.42506,93.88009,616.22059,277.52637,
A349,d,A349d,2,20170610,Cool,No Heterotrophy,CN,23,20171212,Connecting,77327.55,380.29946,77.38128,478.92533,242.6844,
A349,d,A349d,2,20170610,Cool,No Heterotrophy,CN,23,20171212,Connecting,80953.49,419.64927,87.13076,494.50904,237.42716,
A349,d,A349d,2,20170610,Cool,No Heterotrophy,CN,23,20171212,Connecting,44586.6,449.33271,96.69545,532.27532,237.7766,
A357,a,A357a,4,20170610,Ambient,Heterotrophy,AH,21,20171212,Connecting,42074.64,863.91,238.69,934.07,286.31,
A357,a,A357a,4,20170610,Ambient,Heterotrophy,AH,21,20171212,Connecting,50718.98,815.61,257.08,1005.15,276.35,
A357,a,A357a,4,20170610,Ambient,Heterotrophy,AH,21,20171212,Connecting,20878.77,802.09,294.97,960.19,267.65,
A424,a,A424a,5,20170611,Cool,No Heterotrophy,CN,20,20171212,Connecting,64279.7,541.76411,110.38867,744.31992,250.07985,
A424,a,A424a,5,20170611,Cool,No Heterotrophy,CN,20,20171212,Connecting,74418.53,551.30116,179.15713,721.04046,306.95455,
A424,a,A424a,5,20170611,Cool,No Heterotrophy,CN,20,20171212,Connecting,54584.8,555.04061,130.86273,616.26662,177.1888,
A424,b,A424b,3,20170611,Cool,No Heterotrophy,CN,20,20171212,Connecting,56525.99,531.3622,119.30616,551.42039,199.71612,
A424,b,A424b,3,20170611,Cool,No Heterotrophy,CN,20,20171212,Connecting,79701.64,469.8823,97.41778,551.84954,247.64895,
A424,b,A424b,3,20170611,Cool,No Heterotrophy,CN,20,20171212,Connecting,57623.42,459.43889,107.67668,509.08699,207.20134,
A424,c,A424c,3,20170611,Cool,No Heterotrophy,CN,20,20171212,Connecting,51342.14,571.02148,164.26668,595.64533,296.85402,
A424,c,A424c,3,20170611,Cool,No Heterotrophy,CN,20,20171212,Connecting,29608.59,526.6612,179.70756,490.36785,249.25387,
A424,c,A424c,3,20170611,Cool,No Heterotrophy,CN,20,20171212,Connecting,11773.95,551.14356,148.36168,652.55316,340.79726,
A449,a,A449a,3,20170611,Ambient,Heterotrophy,AH,18,20171212,Connecting,38302.56,684.13,133.92,851.28,321.38,
A449,a,A449a,3,20170611,Ambient,Heterotrophy,AH,18,20171212,Connecting,35592.07,687.02,142.56,791.19,288.24,
A449,a,A449a,3,20170611,Ambient,Heterotrophy,AH,18,20171212,Connecting,18954.13,736.29,184.04,990.95,332.53,
A449,b,A449b,4,20170611,Ambient,Heterotrophy,AH,18,20171212,Connecting,32197.76,476.67,118.81,636.22,308.62,
A449,b,A449b,4,20170611,Ambient,Heterotrophy,AH,18,20171212,Connecting,38556.24,571.28,117.95,668.37,271.68,
A449,b,A449b,4,20170611,Ambient,Heterotrophy,AH,18,20171212,Connecting,30865.95,456.44,101.5,584.48,284.35,
A449,c,A449c,7,20170611,Ambient,Heterotrophy,AH,18,20171212,Connecting,155170.73,637.41,151.44,564.41,249.82,
A449,c,A449c,7,20170611,Ambient,Heterotrophy,AH,18,20171212,Connecting,37742.82,505.6,116.68,893.36,361.74,
A449,c,A449c,7,20170611,Ambient,Heterotrophy,AH,18,20171212,Connecting,35026.81,530.11,117.71,833.85,299.61,
A630,a,A630a,2,20170612,Ambient,Heterotrophy,AH,21,20171212,Connecting,38774.07,411.77286,116.69494,654.03876,212.98063,
A630,a,A630a,2,20170612,Ambient,Heterotrophy,AH,21,20171212,Connecting,81342.28,446.93732,105.00833,691.45031,262.58665,
A630,a,A630a,2,20170612,Ambient,Heterotrophy,AH,21,20171212,Connecting,39606.8,477.96025,106.89585,795.12204,228.03851,
A283,a,A283a,10,20170610,Ambient,No Heterotrophy,AN,16,20171106,Polyp,126174.28,646.63,269.28,477.02,308.26,
A283,a,A283a,10,20170610,Ambient,No Heterotrophy,AN,16,20171106,Polyp,101763.33,607.88,272.89,499.47,327.02,
A283,a,A283a,10,20170610,Ambient,No Heterotrophy,AN,16,20171106,Polyp,54529.66,667.08,255.91,513.3,337.75,
A283,b,A283b,3,20170610,Ambient,No Heterotrophy,AN,16,20171106,Polyp,109676.96,690.72,310.5,509.84,323.45,
A283,b,A283b,3,20170610,Ambient,No Heterotrophy,AN,16,20171106,Polyp,83578.5,743.23,296.4,468.93,242.55,
A283,b,A283b,3,20170610,Ambient,No Heterotrophy,AN,16,20171106,Polyp,62112.41,723.71,294.45,548.3,291.37,
A283,c,A283c,2,20170610,Ambient,No Heterotrophy,AN,16,20171106,Polyp,113404.92,674.99,243.38,500.76,255.2,
A283,c,A283c,2,20170610,Ambient,No Heterotrophy,AN,16,20171106,Polyp,23898.09,743.4,204.74,560.48,196.92,
A283,d,A283d,3,20170610,Ambient,No Heterotrophy,AN,16,20171106,Polyp,134871.01,671.34,307.96,473.23,307.75,
A283,d,A283d,3,20170610,Ambient,No Heterotrophy,AN,16,20171106,Polyp,108998.65,646.21,324.34,478.54,311.91,
A333,a,A333a,15,20170610,Cool,Heterotrophy,CH,24,20171106,Polyp,86302.78,738.99,252.57,584.8,337.71,"A few oversaturated pixels, area not measured"
A333,a,A333a,15,20170610,Cool,Heterotrophy,CH,24,20171106,Polyp,98528.94,831.8,329.59,631.13,432.13,"A few oversaturated pixels, area not measured"
A333,a,A333a,15,20170610,Cool,Heterotrophy,CH,24,20171106,Polyp,63066.46,889.54,293.5,777.24,418.98,"A few oversaturated pixels, area not measured"
A333,b,A333b,3,20170610,Cool,Heterotrophy,CH,24,20171106,Polyp,76020.56,796.59,297.47,938.65,440.39,
A333,b,A333b,3,20170610,Cool,Heterotrophy,CH,24,20171106,Polyp,52431.3,814.04,212,663.67,279.64,
A333,b,A333b,3,20170610,Cool,Heterotrophy,CH,24,20171106,Polyp,58050.81,790.72,238.82,582.47,280.17,
A368,a,A368a,10,20170610,Cool,Heterotrophy,CH,19,20171106,Polyp,103864.44,672.6,378.78,632.56,419.11,"Some oversaturation (2-3 pixels), area not measured"
A368,a,A368a,10,20170610,Cool,Heterotrophy,CH,19,20171106,Polyp,80669.48,871.76,320.29,659.91,410.41,"Some oversaturation (2-3 pixels), area not measured"
A368,a,A368a,10,20170610,Cool,Heterotrophy,CH,19,20171106,Polyp,65801.77,935.41,270.92,646.68,319.98,"Some oversaturation (2-3 pixels), area not measured"
A368,b,A368b,4,20170610,Cool,Heterotrophy,CH,19,20171106,Polyp,64254.88,787.98,263.54,784.02,510.5,
A368,b,A368b,4,20170610,Cool,Heterotrophy,CH,19,20171106,Polyp,104672.35,769.39,283.92,719.52,483.81,
A368,b,A368b,4,20170610,Cool,Heterotrophy,CH,19,20171106,Polyp,83038.06,809.79,236.83,590.28,352.89,
A563,a,A563a,2,20170612,Cool,No Heterotrophy,CN,20,20171106,Polyp,93085.9,689.7,320.37,649.7,350.76,
A563,a,A563a,2,20170612,Cool,No Heterotrophy,CN,20,20171106,Polyp,62862.41,790.95,346.49,651.58,322.42,
A563,b,A563b,1,20170612,Cool,No Heterotrophy,CN,20,20171106,Polyp,62377.12,657.85,279.92,665.89,365.85,
A563,c,A563c,8,20170612,Cool,No Heterotrophy,CN,20,20171106,Polyp,63116.09,683.66,249.6,624.96,356.07,
A563,c,A563c,8,20170612,Cool,No Heterotrophy,CN,20,20171106,Polyp,43301.67,700.12,199.54,631.13,281.03,
A563,c,A563c,8,20170612,Cool,No Heterotrophy,CN,20,20171106,Polyp,42033.28,654.45,204.39,463.31,266.35,
A084,a,A084a,3,20170609,Ambient,Heterotrophy,AH,18,20171110,Polyp,68454.35,657.88,236.41,779.63,397.37,
A084,a,A084a,3,20170609,Ambient,Heterotrophy,AH,18,20171110,Polyp,75515.96,738.28,266.22,670.47,365.41,
A084,a,A084a,3,20170609,Ambient,Heterotrophy,AH,18,20171110,Polyp,42590.26,586.51,208.2,767.08,419.38,
A084,b,A084b,4,20170609,Ambient,Heterotrophy,AH,18,20171110,Polyp,70858.77,813.34,290.99,751.28,433.21,
A084,b,A084b,4,20170609,Ambient,Heterotrophy,AH,18,20171110,Polyp,49671.18,825.89,259.64,740.14,368.5,
A084,b,A084b,4,20170609,Ambient,Heterotrophy,AH,18,20171110,Polyp,34287.84,824.43,268.6,725.36,387.36,
A084,c,A084c,8,20170609,Ambient,Heterotrophy,AH,18,20171110,Polyp,80779.77,958.63,374.6,697.27,452.91,
A084,c,A084c,8,20170609,Ambient,Heterotrophy,AH,18,20171110,Polyp,88991.21,831.7,262.65,878.63,492.44,
A084,c,A084c,8,20170609,Ambient,Heterotrophy,AH,18,20171110,Polyp,51645.45,1040.23,368.22,963.22,505.05,
A084,d,A084d,1,20170609,Ambient,Heterotrophy,AH,18,20171110,Polyp,89308.31,691.3,260.01,802.89,401.77,
A126,a,A126a,10,20170609,Cool,No Heterotrophy,CN,13,20171110,Polyp,88492.13,754.5,340.24,654.41,450.7,
A126,a,A126a,10,20170609,Cool,No Heterotrophy,CN,13,20171110,Polyp,93769.72,698.04,303.16,690.07,467.46,
A126,a,A126a,10,20170609,Cool,No Heterotrophy,CN,13,20171110,Polyp,76412.11,737.86,345.66,735.63,424.53,
A140,a,A140a,6,20170609,Cool,Heterotrophy,CH,17,20171110,Polyp,141110.93,969.16,446.87,653.73,363.22,
A140,a,A140a,6,20170609,Cool,Heterotrophy,CH,17,20171110,Polyp,144185.39,941.77,383.3,716.75,357.57,
A140,a,A140a,6,20170609,Cool,Heterotrophy,CH,17,20171110,Polyp,79152.93,884.24,387.13,645.29,321.33,
A140,b,A140b,6,20170609,Cool,Heterotrophy,CH,17,20171110,Polyp,90361.62,862.58,317.35,690.57,410.3,
A140,b,A140b,6,20170609,Cool,Heterotrophy,CH,17,20171110,Polyp,109916.85,863.47,326.3,728.52,406.23,
A140,b,A140b,6,20170609,Cool,Heterotrophy,CH,17,20171110,Polyp,77639.14,1002.39,296.37,709.12,282.79,
A307,a,A307a,5,20170610,Cool,No Heterotrophy,CN,20,20171110,Polyp,88186.06,720.03,246.53,612.01,337.15,
A307,a,A307a,5,20170610,Cool,No Heterotrophy,CN,20,20171110,Polyp,59707.99,696.73,223.85,586.24,285.15,
A307,a,A307a,5,20170610,Cool,No Heterotrophy,CN,20,20171110,Polyp,57979.12,811.61,248.39,554.04,239.53,
A307,b,A307b,4,20170610,Cool,No Heterotrophy,CN,20,20171110,Polyp,112381.94,775.83,338.11,782.61,437.26,
A307,b,A307b,4,20170610,Cool,No Heterotrophy,CN,20,20171110,Polyp,59865.16,1022.67,449.19,869.75,437.61,
A307,b,A307b,4,20170610,Cool,No Heterotrophy,CN,20,20171110,Polyp,64243.85,825.32,318.39,658.35,308.64,
A307,c,A307c,4,20170610,Cool,No Heterotrophy,CN,20,20171110,Polyp,101757.81,872.39,338.86,769.2,465.1,
A307,c,A307c,4,20170610,Cool,No Heterotrophy,CN,20,20171110,Polyp,59170.3,798.8,261.98,780.13,351.29,
A307,c,A307c,4,20170610,Cool,No Heterotrophy,CN,20,20171110,Polyp,51529.64,914.89,295.2,786.84,337.37,
A307,d,A307d,6,20170610,Cool,No Heterotrophy,CN,20,20171110,Polyp,116313.94,879.29,357.35,783.05,465.73,"1 oversaturated pixel, area not included"
A307,d,A307d,6,20170610,Cool,No Heterotrophy,CN,20,20171110,Polyp,78085.83,881.1,348.88,662.13,354.55,"1 oversaturated pixel, area not included"
A307,d,A307d,6,20170610,Cool,No Heterotrophy,CN,20,20171110,Polyp,56542.53,841.78,285.57,684.82,365.84,"1 oversaturated pixel, area not included"
A423,a,A423a,2,20170611,Cool,No Heterotrophy,CN,20,20171110,Polyp,86523.37,758.61,324.25,716.47,404.87,
A423,a,A423a,2,20170611,Cool,No Heterotrophy,CN,20,20171110,Polyp,51739.2,759.59,272.41,602.22,253.78,
A423,b,A423b,4,20170611,Cool,No Heterotrophy,CN,20,20171110,Polyp,109831.38,795.13,332.05,752.42,434.97,
A423,b,A423b,4,20170611,Cool,No Heterotrophy,CN,20,20171110,Polyp,54129.84,780.12,322.54,839.7,404.78,
A423,b,A423b,4,20170611,Cool,No Heterotrophy,CN,20,20171110,Polyp,53415.68,812.95,299.58,703.25,350.48,
A045,a,A045a,11,20170609,Cool,Heterotrophy,CH,24,20171119,Polyp,85012.33,925.97,383.53,558.42,287.16,
A045,a,A045a,11,20170609,Cool,Heterotrophy,CH,24,20171119,Polyp,74917.62,872.62,360.3,872.09,299.85,
A045,a,A045a,11,20170609,Cool,Heterotrophy,CH,24,20171119,Polyp,71741.13,877.49,330.55,661.79,246.79,
A052,a,A052a,2,20170609,Ambient,No Heterotrophy,AN,22,20171119,Polyp,41186.77,627.25,203.43,421.8,172.46,
A052,a,A052a,2,20170609,Ambient,No Heterotrophy,AN,22,20171119,Polyp,77390.97,626.05,260.44,378.15,207.37,
A052,b,A052b,2,20170609,Ambient,No Heterotrophy,AN,22,20171119,Polyp,41266.73,579.69,205.85,408.59,160.29,
A052,b,A052b,2,20170609,Ambient,No Heterotrophy,AN,22,20171119,Polyp,97274.33,600.58,288.01,515.26,300.67,
A052,c,A052c,6,20170609,Ambient,No Heterotrophy,AN,22,20171119,Polyp,79152.93,602.338,206.56,375.73,235.73,
A052,c,A052c,6,20170609,Ambient,No Heterotrophy,AN,22,20171119,Polyp,92633.69,541.93,222.51,319.54,182.02,
A052,c,A052c,6,20170609,Ambient,No Heterotrophy,AN,22,20171119,Polyp,56666.61,623.96,197.57,430.91,241.78,
A052,d,A052d,4,20170609,Ambient,No Heterotrophy,AN,22,20171119,Polyp,113118.16,695.84,283.94,581.61,343.58,
A052,d,A052d,4,20170609,Ambient,No Heterotrophy,AN,22,20171119,Polyp,6313.81,715.9,343.36,452.88,259.64,
A052,d,A052d,4,20170609,Ambient,No Heterotrophy,AN,22,20171119,Polyp,48532.39,674.97,283.33,483.59,239.36,
A052,e,A052e,3,20170609,Ambient,No Heterotrophy,AN,22,20171119,Polyp,115086.91,746.76,227.8,596.87,307.35,
A052,e,A052e,3,20170609,Ambient,No Heterotrophy,AN,22,20171119,Polyp,80134.55,698.7,209.03,545.83,261.46,
A052,e,A052e,3,20170609,Ambient,No Heterotrophy,AN,22,20171119,Polyp,65746.62,700.59,253.82,588.51,296.72,
A052,f,A052f,4,20170609,Ambient,No Heterotrophy,AN,22,20171119,Polyp,63703.41,644.54,260.63,485.5,295.11,
A052,f,A052f,4,20170609,Ambient,No Heterotrophy,AN,22,20171119,Polyp,62126.2,675.57,279.43,461.34,242.83,
A052,f,A052f,4,20170609,Ambient,No Heterotrophy,AN,22,20171119,Polyp,57317.35,584.12,247.83,366.67,182.83,
A070,a,A070a,10,20170609,Cool,No Heterotrophy,CN,20,20171119,Polyp,88152.97,655.73,314.24,597.09,368.5,
A070,a,A070a,10,20170609,Cool,No Heterotrophy,CN,20,20171119,Polyp,87551.86,666.69,308.57,477.66,268.13,
A070,a,A070a,10,20170609,Cool,No Heterotrophy,CN,20,20171119,Polyp,73299.04,748.26,278.39,653.59,338.68,
A092,a,A092a,4,20170609,Ambient,No Heterotrophy,AN,16,20171119,Polyp,152468.2,515.76,229.24,382.18,218.52,
A092,a,A092a,4,20170609,Ambient,No Heterotrophy,AN,16,20171119,Polyp,69979.7,615.16,249.53,446.56,210.7,
A092,a,A092a,4,20170609,Ambient,No Heterotrophy,AN,16,20171119,Polyp,73417.61,567.48,205.82,404.33,164.97,
A092,b,A092b,1,20170609,Ambient,No Heterotrophy,AN,16,20171119,Polyp,74112.47,697.55,221.7,650.88,278.26,
A119,a,A119a,11,20170609,Cool,No Heterotrophy,CN,13,20171119,Polyp,74484.71,608.24225,276.60243,406.07815,265.80558,
A119,a,A119a,11,20170609,Cool,No Heterotrophy,CN,13,20171119,Polyp,73616.14,623.46606,271.17681,367.81092,162.23116,
A119,a,A119a,11,20170609,Cool,No Heterotrophy,CN,13,20171119,Polyp,73472.76,641.16847,276.32044,419.80102,247.40606,
A139,a,A139a,7,20170609,Cool,Heterotrophy,CH,17,20171119,Polyp,84615.27,833.35725,358.7784,615.92274,275.05765,
A139,a,A139a,7,20170609,Cool,Heterotrophy,CH,17,20171119,Polyp,79312.86,728.64956,336.87239,660.60652,320.19473,
A139,a,A139a,7,20170609,Cool,Heterotrophy,CH,17,20171119,Polyp,78587.67,865.56184,354.26652,632.60089,233.63968,
A139,b,A139b,3,20170609,Cool,Heterotrophy,CH,17,20171119,Polyp,96124.51,748.89421,252.34676,736.02395,362.01598,
A139,b,A139b,3,20170609,Cool,Heterotrophy,CH,17,20171119,Polyp,54466.24,667.76966,285.39087,495.09244,177.89974,
A139,b,A139b,3,20170609,Cool,Heterotrophy,CH,17,20171119,Polyp,33240.04,654.79751,273.34398,635.07043,255.74204,
A139,c,A139c,4,20170609,Cool,Heterotrophy,CH,17,20171119,Polyp,62181.35,606.05037,277.40359,474.32673,285.63673,
A139,c,A139c,4,20170609,Cool,Heterotrophy,CH,17,20171119,Polyp,49017.68,546.21393,219.256,437.65647,206.71472,
A139,c,A139c,4,20170609,Cool,Heterotrophy,CH,17,20171119,Polyp,41603.13,510.21295,219.93183,469.1537,250.0498,
A319,a,A319a,6,20170610,Ambient,No Heterotrophy,AN,22,20171119,Polyp,102033.55,602.39,224.73,444.97,228.97,
A319,a,A319a,6,20170610,Ambient,No Heterotrophy,AN,22,20171119,Polyp,104752.31,530.05,247.44,502.37,267.52,
A319,a,A319a,6,20170610,Ambient,No Heterotrophy,AN,22,20171119,Polyp,57488.31,637.78,197.62,586.19,252.59,
A319,b,A319b,3,20170610,Ambient,No Heterotrophy,AN,22,20171119,Polyp,107906.73,558.91,206.41,555.99,278.11,
A319,b,A319b,3,20170610,Ambient,No Heterotrophy,AN,22,20171119,Polyp,82208.09,610.21,240.69,560.74,243.14,
A319,c,A319c,6,20170610,Ambient,No Heterotrophy,AN,22,20171119,Polyp,49296.18,632.05,257.7,477.05,260.82,
A319,c,A319c,6,20170610,Ambient,No Heterotrophy,AN,22,20171119,Polyp,42471.7,558.6,223.29,454.99,216.34,
A319,c,A319c,6,20170610,Ambient,No Heterotrophy,AN,22,20171119,Polyp,38961.57,513.94,230.67,484.61,274.06,
A361,a,A361a,5,20170610,Ambient,Heterotrophy,AH,21,20171119,Polyp,86683.29,779.6,289.78,830.4,432.19,
A361,a,A361a,5,20170610,Ambient,Heterotrophy,AH,21,20171119,Polyp,82822.98,793.93,254.2,929.26,392.16,
A361,a,A361a,5,20170610,Ambient,Heterotrophy,AH,21,20171119,Polyp,88668.6,735.62,233.29,827.18,341.71,
A361,b,A361b,3,20170610,Ambient,Heterotrophy,AH,21,20171119,Polyp,45215.28,664.49,305.89,639.1,354.2,
A361,b,A361b,3,20170610,Ambient,Heterotrophy,AH,21,20171119,Polyp,59683.76,711.37,264.43,692.89,302.67,
A361,b,A361b,3,20170610,Ambient,Heterotrophy,AH,21,20171119,Polyp,54753,802.48,252.37,880.66,334.32,
A405,a,A405a,6,20170610,Ambient,No Heterotrophy,AN,15,20171119,Polyp,101391.08,609.55,262.2,571.43,292.51,
A405,a,A405a,6,20170610,Ambient,No Heterotrophy,AN,15,20171119,Polyp,64208.01,709.26,304.75,587.33,246.42,
A405,a,A405a,6,20170610,Ambient,No Heterotrophy,AN,15,20171119,Polyp,59997.51,658,297.42,554.03,258.25,
A405,b,A405b,4,20170610,Ambient,No Heterotrophy,AN,15,20171119,Polyp,62283.37,592.49,202.3,469.08,226.81,
A405,b,A405b,4,20170610,Ambient,No Heterotrophy,AN,15,20171119,Polyp,58354.12,716.42,213.47,594.4,273.6,
A405,b,A405b,4,20170610,Ambient,No Heterotrophy,AN,15,20171119,Polyp,43340.27,711.72,237.95,522.2,238.33,
A406,a,A406a,5,20170610,Ambient,No Heterotrophy,AN,22,20171119,Polyp,70475.5,619.62,286.96,410.08,279.25,
A406,a,A406a,5,20170610,Ambient,No Heterotrophy,AN,22,20171119,Polyp,56848.6,644.62,229.28,371.24,149.93,
A406,a,A406a,5,20170610,Ambient,No Heterotrophy,AN,22,20171119,Polyp,88230.18,627.75,264.09,401.3,239.11,
A406,b,A406b,11,20170610,Ambient,No Heterotrophy,AN,22,20171119,Polyp,72223.67,558.93338,191.47167,536.73848,224.64989,
A406,b,A406b,11,20170610,Ambient,No Heterotrophy,AN,22,20171119,Polyp,108273.46,504.96374,180.13167,464.49298,224.33051,
A406,b,A406b,11,20170610,Ambient,No Heterotrophy,AN,22,20171119,Polyp,56517.72,488.10323,183.30425,477.29717,262.78418,
A497,a,A497a,4,20170611,Cool,Heterotrophy,CH,17,20171119,Polyp,64773.27,658.44536,206.79192,598.27342,277.30296,
A497,a,A497a,4,20170611,Cool,Heterotrophy,CH,17,20171119,Polyp,55875.25,719.55132,223.50387,623.6025,295.98215,
A497,a,A497a,4,20170611,Cool,Heterotrophy,CH,17,20171119,Polyp,53680.39,841.33953,181.66035,567.49255,225.15211,
A497,b,A497b,3,20170611,Cool,Heterotrophy,CH,17,20171119,Polyp,97042.72,918.53592,327.18254,655.19114,334.60869,
A497,b,A497b,3,20170611,Cool,Heterotrophy,CH,17,20171119,Polyp,66791.66,982.23143,238.0896,692.11568,219.12547,
A497,c,A497c,5,20170611,Cool,Heterotrophy,CH,17,20171119,Polyp,118180.68,689.68451,228.5433,591.83469,242.18137,
A497,c,A497c,5,20170611,Cool,Heterotrophy,CH,17,20171119,Polyp,111245.9,633.38067,214.77879,640.32688,332.94434,
A497,c,A497c,5,20170611,Cool,Heterotrophy,CH,17,20171119,Polyp,58701.55,717.22528,203.2268,690.57123,335.66649,
A535,a,A535a,11,20170612,Cool,Heterotrophy,CH,24,20171119,Polyp,96496.76,618.13407,211.21784,722.34321,330.85315,
A535,a,A535a,11,20170612,Cool,Heterotrophy,CH,24,20171119,Polyp,108833.21,780.04013,241.00549,681.7398,297.92297,
A535,a,A535a,11,20170612,Cool,Heterotrophy,CH,24,20171119,Polyp,85304.61,721.34525,314.76308,605.65588,321.85443,
A535,b,A535b,5,20170612,Cool,Heterotrophy,CH,24,20171119,Polyp,80104.22,714.13583,244.34516,596.87608,321.49203,
A535,b,A535b,5,20170612,Cool,Heterotrophy,CH,24,20171119,Polyp,75052.73,848.38503,330.80709,705.9899,362.73352,
A535,b,A535b,5,20170612,Cool,Heterotrophy,CH,24,20171119,Polyp,48022.27,804.30753,323.05616,523.5929,248.00931,
A535,c,A535c,1,20170612,Cool,Heterotrophy,CH,24,20171119,Polyp,76704.39,493.49493,174.37341,642.27435,343.89975,
A535,d,A535d,6,20170612,Cool,Heterotrophy,CH,24,20171119,Polyp,98060.18,786.2565,299.44852,537.75005,294.49373,
A535,d,A535d,6,20170612,Cool,Heterotrophy,CH,24,20171119,Polyp,104548.26,804.06148,323.22053,525.23702,287.30262,
A535,d,A535d,6,20170612,Cool,Heterotrophy,CH,24,20171119,Polyp,61381.71,934.22501,355.85598,533.21032,184.92766,
A058,a,A058a,2,20170609,Ambient,No Heterotrophy,AN,22,20171129,Polyp,90957.21,814.54,270.09,796.99,368.32,
A058,a,A058a,2,20170609,Ambient,No Heterotrophy,AN,22,20171129,Polyp,60411.12,835.16,285.67,605.13,281.88,
A058,b,A058b,7,20170609,Ambient,No Heterotrophy,AN,22,20171129,Polyp,114932.5,585.38,230.1,546.96,304.7,
A058,b,A058b,7,20170609,Ambient,No Heterotrophy,AN,22,20171129,Polyp,87118.96,690.57,259.37,713.28,371.65,
A058,b,A058b,7,20170609,Ambient,No Heterotrophy,AN,22,20171129,Polyp,74760.45,709.03,335.22,848.82,421.17,
A058,c,A058c,2,20170609,Ambient,No Heterotrophy,AN,22,20171129,Polyp,104997.71,493.83,220.59,521.54,305.59,
A058,c,A058c,2,20170609,Ambient,No Heterotrophy,AN,22,20171129,Polyp,93965.5,668.12,245.58,587.68,251.23,
A058,d,A058d,6,20170609,Ambient,No Heterotrophy,AN,22,20171129,Polyp,129461.06,644.87,287.41,522.27,304.4,
A058,d,A058d,6,20170609,Ambient,No Heterotrophy,AN,22,20171129,Polyp,114987.65,618.02,281.31,515.02,296.42,
A058,d,A058d,6,20170609,Ambient,No Heterotrophy,AN,22,20171129,Polyp,92917.7,646.09,270.81,624.98,318.43,
A058,e,A058e,1,20170609,Ambient,No Heterotrophy,AN,22,20171129,Polyp,85605.16,854.05,373.78,774.93,371.07,
A163,a,A163a,8,20170609,Cool,Heterotrophy,CH,19,20171129,Polyp,122719.3,976.93999,450.10274,637.28297,392.50443,
A163,a,A163a,8,20170609,Cool,Heterotrophy,CH,19,20171129,Polyp,118075.9,845.24807,360.3989,752.30197,458.76577,
A163,a,A163a,8,20170609,Cool,Heterotrophy,CH,19,20171129,Polyp,74815.59,874.32975,392.98103,597.83279,335.48572,
A395,a,A395a,8,20170610,Ambient,No Heterotrophy,AN,15,20171129,Polyp,117342.44,627.56,287.71,523.79,304.67,
A395,a,A395a,8,20170610,Ambient,No Heterotrophy,AN,15,20171129,Polyp,95479.29,699.2,332.24,600.76,292.68,
A395,a,A395a,8,20170610,Ambient,No Heterotrophy,AN,15,20171129,Polyp,89024.3,677.36,291.02,598.49,293.26,
A395,b,A395b,1,20170610,Ambient,No Heterotrophy,AN,15,20171129,Polyp,75606.96,815.47,289.54,667.29,266.72,
A395,c,A395c,8,20170610,Ambient,No Heterotrophy,AN,15,20171129,Polyp,86531.64,786.31,356.57,675.6,274.64,
A395,c,A395c,8,20170610,Ambient,No Heterotrophy,AN,15,20171129,Polyp,102951.75,555.64,236.73,455.96,218.59,
A395,c,A395c,8,20170610,Ambient,No Heterotrophy,AN,15,20171129,Polyp,52472.66,808.19,296.69,509.35,208.58,
A401,a,A401a,2,20170610,Ambient,No Heterotrophy,AN,15,20171129,Polyp,74528.83,789.91,309.99,626.58,393.19,
A401,a,A401a,2,20170610,Ambient,No Heterotrophy,AN,15,20171129,Polyp,45400.02,765.76,329.26,421.24,272.51,
A401,b,A401b,3,20170610,Ambient,No Heterotrophy,AN,15,20171129,Polyp,125981.26,705.79,378.23,505.75,301.09,
A401,b,A401b,3,20170610,Ambient,No Heterotrophy,AN,15,20171129,Polyp,85743.03,708.82,333.13,561.33,278.82,
A401,b,A401b,3,20170610,Ambient,No Heterotrophy,AN,15,20171129,Polyp,56603.2,757.99,272.3,619.28,274.16,
A401,c,A401c,1,20170610,Ambient,No Heterotrophy,AN,15,20171129,Polyp,62139.99,569.09,185.12,742.41,362.62,
A401,d,A401d,6,20170610,Ambient,No Heterotrophy,AN,15,20171129,Polyp,118026.27,883.1,377.06,382.62,199.6,
A401,d,A401d,6,20170610,Ambient,No Heterotrophy,AN,15,20171129,Polyp,113131.94,790.7,324.89,438.88,261.28,
A401,d,A401d,6,20170610,Ambient,No Heterotrophy,AN,15,20171129,Polyp,116228.46,842.76,367.12,388.25,201.94,
A407,a,A407a,6,20170610,Cool,No Heterotrophy,CN,13,20171129,Polyp,94326.71,757.87477,341.76313,518.32705,332.68831,"2-3 oversat. pixels on polyp, not included"
A407,a,A407a,6,20170610,Cool,No Heterotrophy,CN,13,20171129,Polyp,106252.32,687.9107,287.49911,572.49717,363.18902,"2-3 oversat. pixels on polyp, not included"
A407,a,A407a,6,20170610,Cool,No Heterotrophy,CN,13,20171129,Polyp,78728.3,699.90106,263.26248,574.42582,310.00911,"2-3 oversat. pixels on polyp, not included"
A407,b,A407b,10,20170610,Cool,No Heterotrophy,CN,13,20171129,Polyp,119435.28,644.49653,240.6499,803.71368,464.17459,
A407,b,A407b,10,20170610,Cool,No Heterotrophy,CN,13,20171129,Polyp,88257.75,754.70154,259.34746,589.79802,331.47262,
A407,b,A407b,10,20170610,Cool,No Heterotrophy,CN,13,20171129,Polyp,121426.1,560.97134,262.23843,482.62713,351.78507,
A409,a,A409a,5,20170611,Ambient,No Heterotrophy,AN,22,20171129,Polyp,105540.92,589.29,227.88,523.52,319.29,
A409,a,A409a,5,20170611,Ambient,No Heterotrophy,AN,22,20171129,Polyp,75750.34,566.87,212.31,576.97,307.06,
A409,a,A409a,5,20170611,Ambient,No Heterotrophy,AN,22,20171129,Polyp,25624.2,720.52,225.8,607.42,276.31,
A409,b,A409b,2,20170611,Ambient,No Heterotrophy,AN,22,20171129,Polyp,50743.79,686.25,239.26,633.37,321.72,
A409,b,A409b,2,20170611,Ambient,No Heterotrophy,AN,22,20171129,Polyp,23820.88,683.81,210.74,618.36,240.84,
A409,c,A409c,4,20170611,Ambient,No Heterotrophy,AN,22,20171129,Polyp,89812.9,651.57,266.45,749.33,431.29,
A409,c,A409c,4,20170611,Ambient,No Heterotrophy,AN,22,20171129,Polyp,67916.67,538.73,193.71,607.29,329.92,
A409,d,A409d,3,20170611,Ambient,No Heterotrophy,AN,22,20171129,Polyp,74953.46,673.87,208.57,688.18,315.24,
A409,d,A409d,3,20170611,Ambient,No Heterotrophy,AN,22,20171129,Polyp,29244.62,608.83,184.78,591.86,215.29,
A409,e,A409e,6,20170611,Ambient,No Heterotrophy,AN,22,20171129,Polyp,132996,616.23,270.52,660.76,374.77,
A409,e,A409e,6,20170611,Ambient,No Heterotrophy,AN,22,20171129,Polyp,55993.82,681.07,289.65,563.26,342.96,
A409,e,A409e,6,20170611,Ambient,No Heterotrophy,AN,22,20171129,Polyp,43271.33,594.72,194.43,810.28,412.83,
A083,a,A083a,4,20170609,Ambient,Heterotrophy,AH,18,20171212,Polyp,141019.94,751.23,290.46,566.24,315.51,
A083,a,A083a,4,20170609,Ambient,Heterotrophy,AH,18,20171212,Polyp,84706.26,760.95,244.22,564.54,247.25,
A083,a,A083a,4,20170609,Ambient,Heterotrophy,AH,18,20171212,Polyp,71203.45,888.6,288.76,534.06,224.49,
A083,b,A083b,6,20170609,Ambient,Heterotrophy,AH,18,20171212,Polyp,117938.03,904.5,378.95,697.15,399.68,
A083,b,A083b,6,20170609,Ambient,Heterotrophy,AH,18,20171212,Polyp,106365.37,937.48,368.84,687.06,368.22,
A083,b,A083b,6,20170609,Ambient,Heterotrophy,AH,18,20171212,Polyp,45113.25,841.99,278.29,788.74,365.7,
A083,c,A083c,3,20170609,Ambient,Heterotrophy,AH,18,20171212,Polyp,47440.47,720.32,256.25,781.08,411.79,
A083,c,A083c,3,20170609,Ambient,Heterotrophy,AH,18,20171212,Polyp,48466.21,772.21,219.82,943.09,419.14,
A083,c,A083c,3,20170609,Ambient,Heterotrophy,AH,18,20171212,Polyp,70450.68,868.22,278.88,933.86,418.25,
A110,a,A110a,6,20170609,Ambient,Heterotrophy,AH,14,20171212,Polyp,78593.18,782.03,258.28,894.16,427.07,
A110,a,A110a,6,20170609,Ambient,Heterotrophy,AH,14,20171212,Polyp,97293.64,712.45,318.3,698.74,394.91,
A110,a,A110a,6,20170609,Ambient,Heterotrophy,AH,14,20171212,Polyp,82114.34,777.98,305,713.21,336.2,
A110,b,A110b,8,20170609,Ambient,Heterotrophy,AH,14,20171212,Polyp,93562.92,937.35,388.48,706,328.47,
A110,b,A110b,8,20170609,Ambient,Heterotrophy,AH,14,20171212,Polyp,113691.9,1039.97,434.34,647.46,294.92,
A110,b,A110b,8,20170609,Ambient,Heterotrophy,AH,14,20171212,Polyp,95148.41,940.84,349.37,669.61,274.33,
A110,c,A110c,10,20170609,Ambient,Heterotrophy,AH,14,20171212,Polyp,97770.66,1204.54405,516.55823,673.35056,271.46962,
A110,c,A110c,10,20170609,Ambient,Heterotrophy,AH,14,20171212,Polyp,85638.25,1141.61617,477.02297,788.12341,371.18202,
A110,c,A110c,10,20170609,Ambient,Heterotrophy,AH,14,20171212,Polyp,79828.48,1184.37335,435.01987,763.7264,287.19866,
A113,a,A113a,2,20170609,Ambient,Heterotrophy,AH,14,20171212,Polyp,109423.29,1008.44,444.18,854.19,466.24,
A113,a,A113a,2,20170609,Ambient,Heterotrophy,AH,14,20171212,Polyp,53884.43,1112.8,499.43,735.39,289.63,
A113,c,A113c,1,20170609,Ambient,Heterotrophy,AH,14,20171212,Polyp,132935.34,1001.39,459.74,908.26,438.59,
A113,d,A113d,2,20170609,Ambient,Heterotrophy,AH,14,20171212,Polyp,81780.7,843.51,283.23,907.63,418.34,
A113,e,A113e,7,20170609,Ambient,Heterotrophy,AH,14,20171212,Polyp,111844.25,826.46,330.58,852.75,450.12,
A113,e,A113e,7,20170609,Ambient,Heterotrophy,AH,14,20171212,Polyp,74647.39,804.36,291.64,771.41,398.46,
A113,e,A113e,7,20170609,Ambient,Heterotrophy,AH,14,20171212,Polyp,64271.43,953.64,330.2,770.59,352.8,
A180,a,A180a,5,20170609,Ambient,Heterotrophy,AH,21,20171212,Polyp,121961.03,886.13,351.07,773.65,371.26,
A180,a,A180a,5,20170609,Ambient,Heterotrophy,AH,21,20171212,Polyp,67174.93,890.33,335.51,691.53,329.18,
A180,a,A180a,5,20170609,Ambient,Heterotrophy,AH,21,20171212,Polyp,77884.54,902.38,313.34,742.61,318.4,
A180,b,A180b,2,20170609,Ambient,Heterotrophy,AH,21,20171212,Polyp,121420.58,1050.14,490.12,874.1,402.49,
A180,c,A180c,7,20170609,Ambient,Heterotrophy,AH,21,20171212,Polyp,113890.22,917.43,318.47,920.33,359,
A180,c,A180c,7,20170609,Ambient,Heterotrophy,AH,21,20171212,Polyp,90030.74,767.83,292.26,958.1,379.87,
A180,c,A180c,7,20170609,Ambient,Heterotrophy,AH,21,20171212,Polyp,67500.3,1013.5,408.77,773.34,342.16,
A336,a,A336a,6,20170610,Cool,Heterotrophy,CH,24,20171212,Polyp,75295.38,739.5273,276.9857,605.41169,300.96188,
A336,a,A336a,6,20170610,Cool,Heterotrophy,CH,24,20171212,Polyp,99516.07,937.48779,268.33277,616.83708,277.6501,
A336,a,A336a,6,20170610,Cool,Heterotrophy,CH,24,20171212,Polyp,84187.88,922.25976,293.504,490.10261,201.89598,
A336,b,A336b,1,20170610,Cool,Heterotrophy,CH,24,20171212,Polyp,88971.91,714.09115,269.56011,531.29535,265.5496,
A336,c,A336c,5,20170610,Cool,Heterotrophy,CH,24,20171212,Polyp,106685.22,749.69543,296.65413,574.30793,328.46735,
A336,c,A336c,5,20170610,Cool,Heterotrophy,CH,24,20171212,Polyp,91009.6,768.48915,236.93276,645.25656,350.66189,
A336,c,A336c,5,20170610,Cool,Heterotrophy,CH,24,20171212,Polyp,57154.67,836.15805,210.98221,623.89034,264.652,
A336,d,A336d,1,20170610,Cool,Heterotrophy,CH,24,20171212,Polyp,72959.89,743.93303,237.80688,876.09308,381.80108,
A336,e,A336e,1,20170610,Cool,Heterotrophy,CH,24,20171212,Polyp,50807.21,843.41854,238.58368,861.07142,319.8061,
A348,a,A348a,2,20170610,Cool,No Heterotrophy,CN,23,20171212,Polyp,33843.9,638.71207,197.41581,592.51092,279.26124,
A348,a,A348a,2,20170610,Cool,No Heterotrophy,CN,23,20171212,Polyp,78584.91,682.98463,223.16438,589.532,273.32654,
A348,b,A348b,2,20170610,Cool,No Heterotrophy,CN,23,20171212,Polyp,98153.93,683.04295,218.072,751.88083,364.8764,
A349,a,A349a,3,20170610,Cool,No Heterotrophy,CN,23,20171212,Polyp,92493.06,691.07235,340.40903,541.15738,314.05889,
A349,a,A349a,3,20170610,Cool,No Heterotrophy,CN,23,20171212,Polyp,45623.37,659.63465,226.14484,500.9589,213.81085,
A349,a,A349a,3,20170610,Cool,No Heterotrophy,CN,23,20171212,Polyp,30761.17,597.29921,198.55322,534.32054,279.70559,
A349,b,A349b,3,20170610,Cool,No Heterotrophy,CN,23,20171212,Polyp,132127.43,730.02963,302.48422,664.912,403.50074,
A349,b,A349b,3,20170610,Cool,No Heterotrophy,CN,23,20171212,Polyp,61596.78,803.15507,279.6462,519.94364,223.08248,
A349,c,A349c,2,20170610,Cool,No Heterotrophy,CN,23,20171212,Polyp,124263.43,751.65291,335.51869,617.5083,374.60006,
A349,c,A349c,2,20170610,Cool,No Heterotrophy,CN,23,20171212,Polyp,75797.22,605.47099,245.64843,537.57754,289.83403,
A349,d,A349d,2,20170610,Cool,No Heterotrophy,CN,23,20171212,Polyp,121828.67,649.5666,277.47269,506.69873,300.48233,
A349,d,A349d,2,20170610,Cool,No Heterotrophy,CN,23,20171212,Polyp,54791.61,714.08837,257.86808,529.32228,206.47471,
A349,d,A349d,2,20170610,Cool,No Heterotrophy,CN,23,20171212,Polyp,67125.3,729.25748,302.5402,506.25238,230.07168,
A357,a,A357a,4,20170610,Ambient,Heterotrophy,AH,21,20171212,Polyp,102350.64,1045.92,387.66,791.75,324.94,
A357,a,A357a,4,20170610,Ambient,Heterotrophy,AH,21,20171212,Polyp,54253.92,941.91,349.21,742.37,257.57,
A357,a,A357a,4,20170610,Ambient,Heterotrophy,AH,21,20171212,Polyp,50186.81,807.76,185.02,655.47,205.57,
A424,a,A424a,5,20170611,Cool,No Heterotrophy,CN,20,20171212,Polyp,76596.85,684.38947,220.5209,775.00853,346.47242,
A424,a,A424a,5,20170611,Cool,No Heterotrophy,CN,20,20171212,Polyp,89209.04,730.34819,227.93278,727.5695,290.01169,
A424,a,A424a,5,20170611,Cool,No Heterotrophy,CN,20,20171212,Polyp,46748.37,662.69871,181.82353,761.83933,311.82477,
A424,b,A424b,3,20170611,Cool,No Heterotrophy,CN,20,20171212,Polyp,111924.22,690.66332,314.80963,553.79668,344.75108,
A424,b,A424b,3,20170611,Cool,No Heterotrophy,CN,20,20171212,Polyp,63165.73,704.32609,266.32882,598.7445,264.1701,
A424,b,A424b,3,20170611,Cool,No Heterotrophy,CN,20,20171212,Polyp,40643.57,555.98677,210.90012,609.581,306.35127,
A424,c,A424c,3,20170611,Cool,No Heterotrophy,CN,20,20171212,Polyp,80564.7,618.6469,275.09531,490.79499,292.56308,
A424,c,A424c,3,20170611,Cool,No Heterotrophy,CN,20,20171212,Polyp,58864.24,727.11462,227.77495,566.16208,238.73954,
A424,c,A424c,3,20170611,Cool,No Heterotrophy,CN,20,20171212,Polyp,47302.6,653.72725,228.39809,532.95681,246.06097,
A449,a,A449a,3,20170611,Ambient,Heterotrophy,AH,18,20171212,Polyp,139881.14,914.84,406.49,599.86,339.3,
A449,a,A449a,3,20170611,Ambient,Heterotrophy,AH,18,20171212,Polyp,68550.86,892.53,305.26,616.23,292.87,
A449,a,A449a,3,20170611,Ambient,Heterotrophy,AH,18,20171212,Polyp,39022.23,903.45,287.57,682.93,319.03,
A449,b,A449b,4,20170611,Ambient,Heterotrophy,AH,18,20171212,Polyp,82850.56,865.77,297.75,675.23,348.89,
A449,b,A449b,4,20170611,Ambient,Heterotrophy,AH,18,20171212,Polyp,51860.53,925.44,333.49,559.15,221.38,
A449,b,A449b,4,20170611,Ambient,Heterotrophy,AH,18,20171212,Polyp,62239.25,863.54,331.73,515.55,33.02,
A449,c,A449c,7,20170611,Ambient,Heterotrophy,AH,18,20171212,Polyp,101506.89,745.73,258.19,717.93,401.95,
A449,c,A449c,7,20170611,Ambient,Heterotrophy,AH,18,20171212,Polyp,60005.78,633.64,178.95,780.5,384.54,
A449,c,A449c,7,20170611,Ambient,Heterotrophy,AH,18,20171212,Polyp,62843.11,612.78,218.02,653.75,279.04,
A630,a,A630a,2,20170612,Ambient,Heterotrophy,AH,21,20171212,Polyp,48648.2,579.70714,169.42752,728.02681,249.66949,
A630,a,A630a,2,20170612,Ambient,Heterotrophy,AH,21,20171212,Polyp,97748.6,734.22499,316.54274,794.1174,332.97061,